Distance [mm],Bz [],Bz_1 [],Bz_2 []
0,0.180123854,0.153210448,0.09560808
0.01885,0.17997967,0.153245195,0.095609682
0.0377,0.179815968,0.153531645,0.095608388
0.05655,0.179632754,0.153548477,0.095604197
0.0754,0.181691378,0.153557329,0.09559711
0.09425,0.181642403,0.1535582,0.095587127
0.1131,0.181574384,0.153551091,0.095574248
0.13195,0.181803427,0.155473273,0.095558474
0.1508,0.181911245,0.155462647,0.095539806
0.16965,0.181998159,0.155442346,0.095518243
0.1885,0.182064165,0.155412371,0.095493788
0.20735,0.182109261,0.155372723,0.09546644
0.2262,0.182133445,0.155021148,0.095436202
0.24505,0.182136716,0.154934823,0.095403074
0.2639,0.182119074,0.15484096,0.095367058
0.28275,0.182080519,0.154739562,0.095328154
0.3016,0.182021054,0.154630634,0.095286366
0.32045,0.181940681,0.154514179,0.095219462
0.3393,0.181839402,0.154390203,0.095155303
0.35815,0.181717222,0.15425871,0.09508823
0.377,0.181574145,0.154119706,0.095018246
0.39585,0.181410178,0.153973196,0.094945352
0.4147,0.181225326,0.153819186,0.094869553
0.43355,0.181019597,0.153657682,0.09479085
0.4524,0.180793,0.153488689,0.094709248
0.47125,0.180545542,0.153312216,0.094624748
0.4901,0.180277234,0.153344966,0.094537355
0.50895,0.179817869,0.153199953,0.094447073
0.5278,0.179591679,0.153046852,0.094353904
0.54665,0.17934489,0.152885671,0.094257852
0.5655,0.179077515,0.152757416,0.095212885
0.58435,0.178789562,0.151669468,0.095067088
0.6032,0.178481043,0.151552658,0.09491898
0.62205,0.178151971,0.151428211,0.094768567
0.6409,0.177802358,0.151296132,0.094615854
0.65975,0.177432218,0.151156427,0.094460849
0.6786,0.177041566,0.1510091,0.094303556
0.69745,0.176630418,0.150854157,0.094143982
0.7163,0.176198789,0.150691606,0.093982134
0.73515,0.175746696,0.150521451,0.093818018
0.754,0.169978989,0.149882356,0.093651639
0.77285,0.16954901,0.149713323,0.093183005
0.7917,0.16909225,0.149536669,0.093015939
0.81055,0.168608728,0.149352401,0.092846541
0.8294,0.168098463,0.149379518,0.09267482
0.84825,0.170036346,0.149139808,0.092500781
0.8671,0.169526083,0.148892382,0.092324432
0.88595,0.168988738,0.148637249,0.092145779
0.9048,0.168424332,0.14837442,0.09196483
0.92365,0.167832888,0.148103905,0.091781592
0.9425,0.167853205,0.147825714,0.091596071
0.96135,0.167864662,0.147539859,0.091408619
0.9802,0.167852878,0.147246351,0.091208196
0.99905,0.167817854,0.146945202,0.091005463
1.0179,0.167759591,0.146636423,0.090800427
1.03675,0.167678091,0.146266261,0.090593098
1.0556,0.167573357,0.145680104,0.090383482
1.07445,0.167445395,0.146399812,0.090171589
1.0933,0.167294208,0.146040849,0.089957426
1.11215,0.167119803,0.145674019,0.089741003
1.131,0.166922186,0.145299337,0.089522327
1.14985,0.166701366,0.144916817,0.089301407
1.1687,0.166457351,0.144526475,0.089078253
1.18755,0.166000662,0.144128327,0.088852873
1.2064,0.165366088,0.143722387,0.088625275
1.22525,0.164708421,0.143308672,0.088395469
1.2441,0.164027688,0.142887199,0.088163464
1.26295,0.163323915,0.142457983,0.087929268
1.2818,0.162597131,0.142021043,0.087692892
1.30065,0.161847363,0.141576394,0.087454345
1.3195,0.161074643,0.141124055,0.087213636
1.33835,0.160278999,0.140664044,0.087234278
1.3572,0.159460464,0.140196378,0.087013009
1.37605,0.163384026,0.139721076,0.086789583
1.3949,0.162881432,0.139238158,0.086564008
1.41375,0.162361684,0.138439116,0.086336293
1.4326,0.161824803,0.134473173,0.086106448
1.45145,0.161270809,0.134100384,0.08587448
1.4703,0.160699726,0.13372055,0.0856404
1.48915,0.159695981,0.133333686,0.085404216
1.508,0.159095938,0.132939809,0.085165938
1.52685,0.158477492,0.132531679,0.084925575
1.5457,0.157840666,0.132068416,0.084683137
1.56455,0.157185487,0.131598248,0.084438633
1.5834,0.156511979,0.131121191,0.084192073
1.60225,0.155820171,0.130637266,0.083943467
1.6211,0.155110088,0.130146492,0.083692824
1.63995,0.154381758,0.129648888,0.081275692
1.6588,0.153635212,0.13441072,0.080977161
1.67765,0.152870478,0.131645886,0.080676007
1.6965,0.152087586,0.128909578,0.080372243
1.71535,0.151286567,0.128412389,0.080065881
1.7342,0.150467453,0.127906339,0.079756932
1.75305,0.149630276,0.127391448,0.07944541
1.7719,0.137833079,0.126867735,0.079131326
1.79075,0.149235141,0.126335221,0.078814692
1.8096,0.148749344,0.125793927,0.078495522
1.82845,0.148245044,0.125243875,0.078173828
1.8473,0.147722262,0.124685087,0.077849623
1.86615,0.147181018,0.124117584,0.077522918
1.885,0.146621334,0.123541388,0.077193728
1.90385,0.146043231,0.122956524,0.076837395
1.9227,0.145446733,0.122363013,0.076472331
1.94155,0.144831862,0.121760879,0.076104951
1.9604,0.144198645,0.121150146,0.07573527
1.97925,0.143547104,0.120530838,0.075363302
1.9981,0.142877266,0.11990298,0.074989063
2.01695,0.142189158,0.119266595,0.074612566
2.0358,0.141482806,0.11862171,0.074233826
2.05465,0.140758239,0.118957278,0.073852859
2.0735,0.140015485,0.118139914,0.07346968
2.09235,0.139254574,0.117314264,0.073084303
2.1112,0.138475535,0.11648036,0.072696744
2.13005,0.137678399,0.115638235,0.072307019
2.1489,0.136863198,0.116904265,0.071915142
2.16775,0.136460041,0.116177217,0.071521129
2.1866,0.135555876,0.115442714,0.071124996
2.20545,0.134633793,0.114700786,0.070679207
2.2243,0.133693827,0.11383637,0.070289354
2.24315,0.132736015,0.113185092,0.069897475
2.262,0.131760396,0.112526965,0.069503587
2.28085,0.130767007,0.111862016,0.069107704
2.2997,0.129755889,0.111190271,0.068709843
2.31855,0.12872708,0.110511755,0.068310019
2.3374,0.127680623,0.109826497,0.067908248
2.35625,0.126616557,0.109134523,0.067504546
2.3751,0.127086658,0.108435861,0.067098928
2.39395,0.126332686,0.107730537,0.066691411
2.4128,0.125563917,0.107018581,0.066282011
2.43165,0.124780381,0.106300019,0.065870744
2.4505,0.12398211,0.105574881,0.065457627
2.46935,0.123169133,0.104843195,0.065042675
2.4882,0.122341485,0.104104989,0.064625904
2.50705,0.121499197,0.103360294,0.064207333
2.5259,0.120642302,0.102609137,0.063786976
2.54475,0.119770835,0.10185155,0.06336485
2.5636,0.11888483,0.101087562,0.062940973
2.58245,0.117984322,0.100317203,0.062515361
2.6013,0.117069346,0.099540504,0.06208803
2.62015,0.116139939,0.098757495,0.061658998
2.639,0.115196137,0.098697049,0.061228281
2.65785,0.114237977,0.097842831,0.060795897
2.6767,0.113265498,0.09698078,0.060361863
2.69555,0.112504625,0.096110931,0.059926195
2.7144,0.111577961,0.095233316,0.059488911
2.73325,0.110636521,0.09434797,0.059050029
2.7521,0.109680342,0.09345493,0.058609565
2.77095,0.108709462,0.092554229,0.058167536
2.7898,0.10772392,0.091645904,0.057723962
2.80865,0.106723754,0.09045572,0.057278858
2.8275,0.105709003,0.089792058,0.056832242
2.84635,0.104679709,0.088935384,0.056384133
2.8652,0.10363591,0.090926148,0.055934547
2.88405,0.10257765,0.090112935,0.055370809
2.9029,0.101504969,0.089293172,0.054884508
2.92175,0.102305726,0.084885823,0.053827581
2.9406,0.101294524,0.084212492,0.053344579
2.95945,0.100269021,0.083534232,0.052080543
2.9783,0.099229259,0.084398589,0.051603208
2.99715,0.098175277,0.083618669,0.051124273
3.016,0.097107118,0.082834204,0.050643756
3.03485,0.096024824,0.082045224,0.050161677
3.0537,0.094372681,0.08125176,0.049678055
3.07255,0.093262047,0.080453843,0.049192908
3.0914,0.09213729,0.079651506,0.048706256
3.11025,0.090998455,0.07884478,0.048218118
3.1291,0.089845586,0.078033696,0.047728514
3.14795,0.08867873,0.077218287,0.047237462
3.1668,0.087497931,0.076398586,0.046744982
3.18565,0.086303237,0.075574623,0.046251094
3.2045,0.085094695,0.074746432,0.045755817
3.22335,0.083872353,0.073914046,0.04525917
3.2422,0.082636258,0.073077497,0.044761173
3.26105,0.086124495,0.072236818,0.044261847
3.2799,0.085168667,0.071392043,0.043761209
3.29875,0.084203957,0.070543205,0.043259281
3.3176,0.083230403,0.069690338,0.042756082
3.33645,0.082248043,0.068833474,0.042251632
3.3553,0.081256916,0.067972649,0.041745951
3.37415,0.080257061,0.067107895,0.041239059
3.393,0.079248517,0.066239248,0.040730976
3.41185,0.078231326,0.06536674,0.040221721
3.4307,0.077205525,0.064460414,0.039711316
3.44955,0.076171157,0.063580187,0.039199779
3.4684,0.075128262,0.062696218,0.038687132
3.48725,0.074076881,0.061808542,0.038173395
3.5061,0.073017055,0.060917196,0.037658588
3.52495,0.071948827,0.060022213,0.03714273
3.5438,0.070872239,0.059123629,0.036625844
3.56265,0.069787333,0.058221481,0.036107948
3.5815,0.068694151,0.057315802,0.035589064
3.60035,0.067592738,0.05640663,0.035069211
3.6192,0.066483136,0.055494,0.034548411
3.63805,0.06536539,0.054577947,0.033445598
3.6569,0.064239544,0.053658509,0.032934297
3.67575,0.063105641,0.052735721,0.032422197
3.6946,0.061963727,0.051617895,0.031909317
3.71345,0.060813847,0.050662005,0.031395677
3.7323,0.059656046,0.049702766,0.030881298
3.75115,0.05849037,0.048740216,0.0303662
3.77,0.057316865,0.047774394,0.029850404
3.78885,0.056135577,0.046805337,0.02933393
3.8077,0.051430244,0.045833083,0.028816798
3.82655,0.050095139,0.044857672,0.028299028
3.8454,0.048750674,0.043879141,0.027780642
3.86425,0.0473969,0.042897529,0.027261659
3.8831,0.046033871,0.043292616,0.0267421
3.90195,0.044661641,0.042297705,0.026221985
3.9208,0.043280264,0.041300673,0.025701336
3.93965,0.041889795,0.040445819,0.025180172
3.9585,0.046671901,0.039466201,0.023234196
3.97735,0.045366138,0.038484603,0.022679676
3.9962,0.044054963,0.037840657,0.022124438
4.01505,0.042738427,0.036748893,0.021568503
4.0339,0.041416583,0.035654541,0.021011894
4.05275,0.040314919,0.034557644,0.020454632
4.0716,0.039105313,0.033458246,0.019896741
4.09045,0.037891169,0.032356391,0.01933824
4.1093,0.036672534,0.03125212,0.018779154
4.12815,0.035449457,0.03014548,0.018219503
4.147,0.034221986,0.029110426,0.017659309
4.16585,0.032990169,0.028082753,0.017098596
4.1847,0.031754055,0.027053126,0.016537385
4.20355,0.030513693,0.026021586,0.015975698
4.2224,0.029269132,0.024988174,0.015413558
4.24125,0.02802042,0.023952931,0.014850986
4.2601,0.026767608,0.022915897,0.014288004
4.27895,0.025610343,0.021877113,0.013724636
4.2978,0.024488019,0.020836621,0.013160903
4.31665,0.02336349,0.019794462,0.012596828
4.3355,0.022236801,0.018750676,0.012032432
4.35435,0.021107996,0.017705305,0.011467739
4.3732,0.01997712,0.01665839,0.01090277
4.39205,0.018844217,0.015609972,0.010337547
4.4109,0.017709332,0.014560093,0.009772094
4.42975,0.016572509,0.014555734,0.008332386
4.4486,0.015433795,0.013635493,0.007771038
4.46745,0.014293233,0.012714427,0.007209361
4.4863,0.013150869,0.011792573,0.006647377
4.50515,0.012006748,0.010869968,0.006085108
4.524,0.010860914,0.009946647,0.005522577
4.54285,0.009713414,0.009022648,0.004959805
4.5617,0.008564292,0.008098006,0.004396815
4.58055,0.007413595,0.007172758,0.003833629
4.5994,0.006261366,0.006246941,0.00327027
4.61825,0.005107652,0.004765242,0.002706759
4.6371,0.003952499,0.003903841,0.002143118
4.65595,0.002795951,0.003042547,0.001579371
4.6748,0.001638056,0.002181394,0.001015539
4.69365,0.000478857,0.000483625,0.000451645
4.7125,-0.000681599,-0.000381167,-0.000112289
4.73135,-0.001210148,-0.001245915,-0.000676242
4.7502,-0.002198724,-0.002174593,-0.00124019
4.76905,-0.003187163,-0.003056699,-0.001804111
4.7879,-0.004175427,-0.003939745,-0.002367983
4.80675,-0.005163478,-0.004852766,-0.002941325
4.8256,-0.006151275,-0.005765396,-0.003521322
4.84445,-0.00713878,-0.006677602,-0.004101215
4.8633,-0.008125954,-0.007589346,-0.004680983
4.88215,-0.009112758,-0.008500592,-0.005260601
4.901,-0.010099154,-0.009411305,-0.005840048
4.91985,-0.011085101,-0.010321448,-0.0064193
4.9387,-0.012070562,-0.011230986,-0.006998334
4.95755,-0.013055497,-0.012139883,-0.007577128
4.9764,-0.014039867,-0.013048103,-0.008155659
4.99525,-0.015023634,-0.01395561,-0.008733904
5.0141,-0.016006759,-0.014862368,-0.009311839
5.03295,-0.016989202,-0.015768341,-0.009889443
5.0518,-0.017970926,-0.016673494,-0.010466693
5.07065,-0.018951891,-0.017577791,-0.011043565
5.0895,-0.019932058,-0.018481196,-0.011620037
5.10835,-0.02091139,-0.019383674,-0.012196086
5.1272,-0.026192969,-0.019337227,-0.012771689
5.14605,-0.024525877,-0.020401189,-0.013346825
5.1649,-0.026267542,-0.021463254,-0.013921469
5.18375,-0.028194163,-0.022523382,-0.014495599
5.2026,-0.029254631,-0.023581531,-0.015069193
5.22145,-0.030311888,-0.024637659,-0.015642228
5.2403,-0.031365892,-0.025691724,-0.016214682
5.25915,-0.032416601,-0.026743684,-0.016786531
5.278,-0.033463975,-0.027793498,-0.017357753
5.29685,-0.034507972,-0.028841125,-0.018970715
5.3157,-0.035548551,-0.029886524,-0.019562959
5.33455,-0.03658567,-0.030929652,-0.020154539
5.3534,-0.037619289,-0.031970469,-0.02074543
5.37225,-0.038649367,-0.033008934,-0.021335611
5.3911,-0.039675863,-0.034045005,-0.021925056
5.40995,-0.040698737,-0.035078642,-0.022513744
5.4288,-0.041717948,-0.036091704,-0.023101651
5.44765,-0.042733456,-0.037110429,-0.023688753
5.4665,-0.043745221,-0.038126584,-0.024275028
5.48535,-0.044753204,-0.03914013,-0.024860452
5.5042,-0.045757363,-0.040151026,-0.025320586
5.52305,-0.04675766,-0.041159232,-0.025878455
5.5419,-0.047754055,-0.042164708,-0.0264355
5.56075,-0.048746509,-0.043167415,-0.026991698
5.5796,-0.049734983,-0.044167313,-0.027547028
5.59845,-0.050719437,-0.044760488,-0.028101467
5.6173,-0.051699832,-0.045801754,-0.028654994
5.63615,-0.054822159,-0.046840057,-0.029207587
5.655,-0.055780468,-0.047218899,-0.029759224
5.67385,-0.056733202,-0.048221715,-0.030309883
5.6927,-0.057680325,-0.049221168,-0.030859543
5.71155,-0.058621798,-0.050217219,-0.031408181
5.7304,-0.059557584,-0.051209828,-0.031955777
5.74925,-0.060487647,-0.052198957,-0.032502308
5.7681,-0.06141195,-0.053184566,-0.033047754
5.78695,-0.062330456,-0.054166616,-0.033592091
5.8058,-0.063243128,-0.055145069,-0.0341353
5.82465,-0.064149932,-0.056119886,-0.034677358
5.8435,-0.065050832,-0.057091028,-0.035218244
5.86235,-0.064960469,-0.058058458,-0.035757937
5.8812,-0.066320033,-0.059022137,-0.036296415
5.90005,-0.067668465,-0.059982026,-0.036833658
5.9189,-0.069005711,-0.060561582,-0.037369643
5.93775,-0.070331719,-0.061420308,-0.037904351
5.9566,-0.071646436,-0.062276279,-0.038437759
5.97545,-0.072949811,-0.063129462,-0.038969846
5.9943,-0.074241792,-0.063979823,-0.039500593
6.01315,-0.075522327,-0.064827329,-0.040029977
6.032,-0.076791367,-0.065671946,-0.040557977
6.05085,-0.078048862,-0.066492467,-0.041084574
6.0697,-0.079294761,-0.067301628,-0.041609746
6.08855,-0.080529015,-0.068107463,-0.042133472
6.1074,-0.08168744,-0.06890994,-0.043941938
6.12625,-0.082788092,-0.069709028,-0.044456834
6.1451,-0.083876646,-0.070504696,-0.044921399
6.16395,-0.084953059,-0.071296911,-0.045408529
6.1828,-0.086017289,-0.072736853,-0.045894603
6.20165,-0.087069295,-0.073474803,-0.046379603
6.2205,-0.088109033,-0.074841661,-0.046863509
6.23935,-0.089136464,-0.075696442,-0.047346303
6.2582,-0.090151547,-0.076547101,-0.047827965
6.27705,-0.091154241,-0.077393605,-0.048308476
6.2959,-0.092144508,-0.078235921,-0.048787817
6.31475,-0.093122307,-0.079074015,-0.04926597
6.3336,-0.094083778,-0.079907853,-0.049742915
6.35245,-0.095112221,-0.080737404,-0.050218633
6.3713,-0.096128813,-0.081562634,-0.050693106
6.39015,-0.097133513,-0.082383512,-0.051166316
6.409,-0.098126282,-0.083200003,-0.051638243
6.42785,-0.099107082,-0.084012077,-0.052108868
6.4467,-0.100075872,-0.084819701,-0.052578174
6.46555,-0.101032615,-0.085622843,-0.053046141
6.4844,-0.101977273,-0.086421471,-0.053512752
6.50325,-0.102909808,-0.087215555,-0.053977987
6.5221,-0.103830185,-0.088005062,-0.054441829
6.54095,-0.104738366,-0.088789962,-0.054904259
6.5598,-0.105634316,-0.089570223,-0.055365258
6.57865,-0.106517999,-0.090345815,-0.05582481
6.5975,-0.107341926,-0.091116707,-0.056282894
6.61635,-0.108291096,-0.091882869,-0.056739495
6.6352,-0.109228165,-0.09264427,-0.057194592
6.65405,-0.110153094,-0.09340088,-0.057648169
6.6729,-0.111065849,-0.09405393,-0.058100207
6.69175,-0.111966392,-0.094793124,-0.05855069
6.7106,-0.112854689,-0.095557833,-0.058999597
6.72945,-0.113730703,-0.096248102,-0.059446914
6.7483,-0.114594401,-0.09693372,-0.061117016
6.76715,-0.115445749,-0.09761466,-0.061552905
6.786,-0.116284712,-0.098290895,-0.061987189
6.80485,-0.117111258,-0.098962399,-0.062419852
6.8237,-0.117925355,-0.099629144,-0.062850876
6.84255,-0.118726969,-0.100291105,-0.063280245
6.8614,-0.11951607,-0.100948256,-0.06370794
6.88025,-0.120292625,-0.10160057,-0.064133946
6.8991,-0.121056606,-0.102418638,-0.064558246
6.91795,-0.12180798,-0.103298713,-0.064980822
6.9368,-0.122546719,-0.104172733,-0.065401658
6.95565,-0.123272794,-0.105040663,-0.065820738
6.9745,-0.123986176,-0.105902468,-0.066238044
6.99335,-0.124686836,-0.106758114,-0.066653561
7.0122,-0.12196882,-0.107607568,-0.067067272
7.03105,-0.122717238,-0.108450796,-0.067479161
7.0499,-0.126056958,-0.109287765,-0.067889212
7.06875,-0.127059187,-0.110118442,-0.068297407
7.0876,-0.128045297,-0.110942793,-0.068703732
7.10645,-0.129015249,-0.111760787,-0.06910817
7.1253,-0.129969004,-0.112572391,-0.069510705
7.14415,-0.130906525,-0.113377573,-0.069911321
7.163,-0.131827775,-0.114176302,-0.070310003
7.18185,-0.132732717,-0.114968545,-0.070706734
7.2007,-0.133621316,-0.115456334,-0.071237863
7.21955,-0.134493536,-0.116125919,-0.071639283
7.2384,-0.135349344,-0.116789128,-0.072038062
7.25725,-0.136188704,-0.117445936,-0.072434184
7.2761,-0.137011586,-0.118096315,-0.072827634
7.29495,-0.137817954,-0.11874024,-0.073218396
7.3138,-0.138607779,-0.119377686,-0.073606455
7.33265,-0.139381028,-0.120008629,-0.073991795
7.3515,-0.140137672,-0.120633042,-0.074772389
7.37035,-0.14087768,-0.121250901,-0.075152081
7.3892,-0.141601023,-0.121862182,-0.075529384
7.40805,-0.142307673,-0.123735199,-0.075904283
7.4269,-0.140943937,-0.124194454,-0.076276764
7.44575,-0.141573253,-0.124645056,-0.076646812
7.4646,-0.142188561,-0.125086988,-0.077014412
7.48345,-0.142789835,-0.125520233,-0.077139156
7.5023,-0.143377052,-0.127208721,-0.077467197
7.52115,-0.14395019,-0.127815746,-0.077793298
7.54,-0.144509224,-0.128414088,-0.078117445
7.55885,-0.145054135,-0.129003722,-0.078439626
7.5777,-0.145584899,-0.129584626,-0.078759829
7.59655,-0.147582005,-0.127703486,-0.07907804
7.6154,-0.148407347,-0.128302432,-0.079394247
7.63425,-0.149213923,-0.128800294,-0.079708437
7.6531,-0.150001701,-0.129291295,-0.080020598
7.67195,-0.150770649,-0.129775414,-0.080330719
7.6908,-0.151520738,-0.130252634,-0.080638786
7.70965,-0.152251938,-0.130722936,-0.080944787
7.7285,-0.152964219,-0.1311863,-0.08124871
7.74735,-0.153657553,-0.131642708,-0.081539957
7.7662,-0.152837313,-0.132092143,-0.081835354
7.78505,-0.153452181,-0.132332501,-0.08212865
7.8039,-0.154047435,-0.132806518,-0.082419834
7.82275,-0.154623052,-0.133272586,-0.082708895
7.8416,-0.155179008,-0.133730686,-0.082995821
7.86045,-0.155715282,-0.134180801,-0.083280601
7.8793,-0.156231853,-0.134236028,-0.083563224
7.89815,-0.1567287,-0.134937263,-0.083843678
7.917,-0.157205803,-0.135629215,-0.084121953
7.93585,-0.157663144,-0.136322898,-0.084398037
7.9547,-0.158100705,-0.136724564,-0.08467192
7.97355,-0.158518468,-0.137117799,-0.084943591
7.9924,-0.158916417,-0.137502589,-0.085213038
8.01125,-0.159294537,-0.137878917,-0.085480252
8.0301,-0.159652811,-0.13824677,-0.085677784
8.04895,-0.159991227,-0.138606132,-0.085920998
8.0678,-0.160309771,-0.138956989,-0.086161759
8.08665,-0.160829677,-0.139407361,-0.086400057
8.1055,-0.161391994,-0.13973605,-0.086635883
8.12435,-0.161938933,-0.140055827,-0.086869228
8.1432,-0.162470474,-0.140366679,-0.087100081
8.16205,-0.162277893,-0.140668593,-0.087328435
8.1809,-0.162640242,-0.140961557,-0.08755428
8.19975,-0.163312361,-0.14124556,-0.089067882
8.2186,-0.163966547,-0.141520591,-0.089311202
8.23745,-0.164602773,-0.141786639,-0.089551987
8.2563,-0.165221015,-0.142043694,-0.089790227
8.27515,-0.165821248,-0.142291744,-0.090025912
8.294,-0.166403449,-0.142530781,-0.090259033
8.31285,-0.166967594,-0.141307303,-0.090489581
8.3317,-0.167513662,-0.1415662,-0.090717546
8.35055,-0.16804163,-0.141818096,-0.090942921
8.3694,-0.168551478,-0.142062982,-0.091165696
8.38825,-0.169043186,-0.142300848,-0.091385861
8.4071,-0.169516734,-0.142531685,-0.091603409
8.42595,-0.169972104,-0.142755482,-0.091818331
8.4448,-0.170409277,-0.143120242,-0.092030618
8.46365,-0.170828237,-0.143504071,-0.092240262
8.4825,-0.171228967,-0.143880736,-0.092447255
8.50135,-0.171611451,-0.144250222,-0.092651588
8.5202,-0.171975673,-0.144612515,-0.09290797
8.53905,-0.172344292,-0.144967601,-0.093064011
8.5579,-0.172420731,-0.145315464,-0.093218211
8.57675,-0.172479179,-0.145656092,-0.093370566
8.5956,-0.172519633,-0.145989472,-0.093521068
8.61445,-0.172542092,-0.146315589,-0.093669713
8.6333,-0.172546554,-0.146634431,-0.093816494
8.65215,-0.17253302,-0.146945986,-0.093961405
8.671,-0.17250149,-0.147250241,-0.094104441
8.68985,-0.172451966,-0.147547185,-0.094245595
8.7087,-0.172384448,-0.148926375,-0.094384864
8.72755,-0.172298941,-0.149768579,-0.09452224
8.7464,-0.167588087,-0.150056935,-0.094657718
8.76525,-0.168024364,-0.150337305,-0.094791294
8.7841,-0.168432958,-0.150609678,-0.094922962
8.80295,-0.168813852,-0.150874043,-0.095052716
8.8218,-0.169167031,-0.151130389,-0.095180552
8.84065,-0.169492481,-0.151302535,-0.095306465
8.8595,-0.16979019,-0.151485137,-0.095260491
8.87835,-0.177585705,-0.151659275,-0.095340725
8.8972,-0.177825147,-0.151824941,-0.09541879
8.91605,-0.17804196,-0.15198213,-0.095494683
8.9349,-0.178236136,-0.152130834,-0.095537645
8.95375,-0.178407667,-0.152271049,-0.095629873
8.9726,-0.178556545,-0.152402768,-0.095719975
8.99145,-0.178682766,-0.152525986,-0.095807945
9.0103,-0.178786324,-0.152640699,-0.095893783
9.02915,-0.178867216,-0.152746902,-0.095977483
9.048,-0.178925437,-0.152844591,-0.096059042
9.06685,-0.178960986,-0.152933762,-0.096138458
9.0857,-0.178973861,-0.153014411,-0.096215727
9.10455,-0.178964061,-0.153345854,-0.096290846
9.1234,-0.178931588,-0.153408464,-0.096363813
9.14225,-0.178876443,-0.153462467,-0.096434623
9.1611,-0.178798626,-0.153507863,-0.096503275
9.17995,-0.178895004,-0.153544648,-0.096569766
9.1988,-0.178953144,-0.153572823,-0.096634093
9.21765,-0.179128669,-0.153592385,-0.096696254
9.2365,-0.179440303,-0.153603334,-0.096756246
9.25535,-0.179728961,-0.15360567,-0.096814066
9.2742,-0.17999463,-0.153599392,-0.096869713
9.29305,-0.180237301,-0.1535845,-0.096923185
9.3119,-0.180456963,-0.153560996,-0.096974478
9.33075,-0.180653609,-0.153528879,-0.096413086
9.3496,-0.18082723,-0.15363566,-0.096435711
9.36845,-0.18097782,-0.153714135,-0.096455106
9.3873,-0.181105372,-0.153782735,-0.09647127
9.40615,-0.181209882,-0.153841457,-0.096484201
9.425,-0.181291345,-0.153890299,-0.096493899
9.44385,-0.181349759,-0.15412418,-0.096500364
9.4627,-0.18138512,-0.154175421,-0.096503596
9.48155,-0.181397428,-0.154217064,-0.096503594
9.5004,-0.181386682,-0.154249108,-0.096500358
9.51925,-0.181589685,-0.15427155,-0.09649389
9.5381,-0.181470171,-0.154284391,-0.096484187
9.55695,-0.181327982,-0.15428763,-0.096471253
9.5758,-0.181163123,-0.154281266,-0.096455086
9.59465,-0.180975602,-0.1542653,-0.096435687
9.6135,-0.180765425,-0.154239733,-0.096413057
9.63235,-0.180532602,-0.154204565,-0.09508206
9.6512,-0.18027714,-0.154159798,-0.095040932
9.67005,-0.179927022,-0.154105433,-0.094996602
9.6889,-0.179878348,-0.154041474,-0.094949072
9.70775,-0.179807612,-0.153975433,-0.094898344
9.7266,-0.179714818,-0.153841954,-0.094844421
9.74545,-0.179599969,-0.153699286,-0.094787304
9.7643,-0.17946307,-0.153547435,-0.094726995
9.78315,-0.179304125,-0.153386408,-0.094663497
9.802,-0.179123142,-0.154609664,-0.094596813
9.82085,-0.178920127,-0.154415662,-0.097009506
9.8397,-0.178695089,-0.154213017,-0.096888817
9.85855,-0.178448036,-0.154001738,-0.096766151
9.8774,-0.178178978,-0.153781831,-0.096641512
9.89625,-0.177887926,-0.153553307,-0.096514905
9.9151,-0.177574891,-0.153316175,-0.096386336
9.93395,-0.176375695,-0.153070442,-0.096255809
9.9528,-0.17619486,-0.152045756,-0.096123329
9.97165,-0.176041503,-0.151889546,-0.095988902
9.9905,-0.175885468,-0.151724228,-0.095852533
10.00935,-0.175704168,-0.15100146,-0.095714228
10.0282,-0.17549761,-0.150876373,-0.095573991
10.04705,-0.175265804,-0.150742175,-0.095431829
10.0659,-0.175008758,-0.150598871,-0.095287747
10.08475,-0.174726481,-0.150446467,-0.09514175
10.1036,-0.174418986,-0.15028497,-0.094993845
10.12245,-0.174086284,-0.150114384,-0.094844037
10.1413,-0.173728389,-0.149934718,-0.094692333
10.16015,-0.173345315,-0.149745978,-0.094538737
10.179,-0.172937076,-0.149548172,-0.094383257
10.19785,-0.172503689,-0.149341307,-0.094225899
10.2167,-0.172045171,-0.149125392,-0.094066667
10.23555,-0.17156154,-0.148900435,-0.09390557
10.2544,-0.171052815,-0.148666446,-0.093742613
10.27325,-0.170519017,-0.148423432,-0.093577803
10.2921,-0.169960166,-0.148171405,-0.093411146
10.31095,-0.167360226,-0.147910373,-0.093242649
10.3298,-0.166991023,-0.147640347,-0.093072318
10.34865,-0.166720914,-0.147361339,-0.09290016
10.3675,-0.172382844,-0.147073358,-0.091032417
10.38635,-0.17213731,-0.146776416,-0.090868226
10.4052,-0.171870297,-0.146454048,-0.090701701
10.42405,-0.171581816,-0.146135018,-0.090532846
10.4429,-0.171271877,-0.145807065,-0.090361669
10.46175,-0.170940494,-0.145470201,-0.090188176
10.4806,-0.170587678,-0.145124441,-0.090012375
10.49945,-0.170213445,-0.145329325,-0.089834273
10.5183,-0.169817809,-0.14500145,-0.089653875
10.53715,-0.169400785,-0.144665502,-0.089471191
10.556,-0.16896239,-0.144321494,-0.089286225
10.57485,-0.168502642,-0.14396944,-0.089098987
10.5937,-0.168021557,-0.143609354,-0.088909484
10.61255,-0.167519157,-0.143170744,-0.088717722
10.6314,-0.166995459,-0.142699055,-0.088523709
10.65025,-0.166450485,-0.142218742,-0.088327454
10.6691,-0.165884257,-0.141729821,-0.088128963
10.68795,-0.165296797,-0.141232314,-0.087928246
10.7068,-0.160017127,-0.140726239,-0.087725308
10.72565,-0.159356732,-0.140211617,-0.08752016
10.7445,-0.158671964,-0.139688468,-0.087312808
10.76335,-0.162769294,-0.139156812,-0.087103261
10.7822,-0.162444799,-0.138616671,-0.086891527
10.80105,-0.162101896,-0.138068065,-0.086677615
10.8199,-0.161740597,-0.137511017,-0.086461533
10.83875,-0.161360918,-0.136945548,-0.086147298
10.8576,-0.160962873,-0.136371681,-0.085884168
10.87645,-0.160546478,-0.135789438,-0.08561847
10.8953,-0.160111749,-0.135198843,-0.085350215
10.91415,-0.159658703,-0.134599919,-0.085079415
10.933,-0.159187359,-0.133992689,-0.084806079
10.95185,-0.158697735,-0.133377177,-0.084530219
10.9707,-0.15818985,-0.133216729,-0.084251845
10.98955,-0.157663724,-0.132890229,-0.083970968
11.0084,-0.157119378,-0.132575343,-0.0836876
11.02725,-0.156556834,-0.132252472,-0.083401752
11.0461,-0.155976114,-0.131921629,-0.083113434
11.06495,-0.15537724,-0.131582828,-0.082822659
11.0838,-0.154760237,-0.131236081,-0.082529437
11.10265,-0.154310934,-0.130881402,-0.082233781
11.1215,-0.153915127,-0.130518806,-0.081935702
11.14035,-0.153499552,-0.129766884,-0.080184917
11.1592,-0.153064225,-0.12928636,-0.079867794
11.17805,-0.152609164,-0.128798163,-0.079548336
11.1969,-0.152134387,-0.128302311,-0.079226556
11.21575,-0.151571453,-0.127798825,-0.078902465
11.2346,-0.150817191,-0.127287723,-0.078576077
11.25345,-0.150043117,-0.126769027,-0.078247405
11.2723,-0.149249262,-0.126242756,-0.077916461
11.29115,-0.148435656,-0.125708932,-0.077583259
11.31,-0.147602333,-0.125167576,-0.077247812
11.32885,-0.146749325,-0.124618709,-0.076910133
11.3477,-0.145876665,-0.124062352,-0.076570235
11.36655,-0.144984388,-0.123498528,-0.076228132
11.3854,-0.14407253,-0.122927258,-0.075883837
11.40425,-0.136586754,-0.122348566,-0.075537364
11.4231,-0.136140546,-0.121376975,-0.075188727
11.44195,-0.135682292,-0.120714615,-0.074837939
11.4608,-0.13521201,-0.120045495,-0.074485015
11.47965,-0.134729718,-0.116866848,-0.074129967
11.4985,-0.134235435,-0.11943263,-0.073772811
11.51735,-0.133729182,-0.118847222,-0.07341356
11.5362,-0.133210978,-0.118255166,-0.073052228
11.55505,-0.132680842,-0.117693548,-0.07268883
11.5739,-0.132138798,-0.117091475,-0.07232338
11.59275,-0.131584865,-0.116482862,-0.071955892
11.6116,-0.131019066,-0.115867732,-0.071586381
11.63045,-0.130441422,-0.11524611,-0.071214862
11.6493,-0.129851958,-0.11461802,-0.07084135
11.66815,-0.129250695,-0.113983487,-0.070465858
11.687,-0.128637658,-0.113342536,-0.070088402
11.70585,-0.128012871,-0.112695193,-0.069708996
11.7247,-0.127376359,-0.112041482,-0.069327657
11.74355,-0.126810726,-0.111381431,-0.068944398
11.7624,-0.126238721,-0.110715064,-0.068559234
11.78125,-0.125654784,-0.110042408,-0.068172182
11.8001,-0.12505894,-0.10936349,-0.067783257
11.81895,-0.124451211,-0.108678336,-0.067392473
11.8378,-0.123831623,-0.107986974,-0.066999846
11.85665,-0.123200198,-0.107289431,-0.066605391
11.8755,-0.122556962,-0.106585734,-0.066209125
11.89435,-0.121901941,-0.105875912,-0.065811063
11.9132,-0.12123516,-0.105159991,-0.06541122
11.93205,-0.120556646,-0.104438001,-0.065009613
11.9509,-0.119866426,-0.10370997,-0.062614368
11.96975,-0.119164526,-0.102975927,-0.062647259
11.9886,-0.118450974,-0.1022359,-0.062202272
12.00745,-0.117725799,-0.101489919,-0.061755312
12.0263,-0.116989029,-0.100981805,-0.061306398
12.04515,-0.116202433,-0.100091906,-0.060855548
12.064,-0.115203711,-0.099196841,-0.060402778
12.08285,-0.114193326,-0.098296645,-0.059948107
12.1017,-0.113171318,-0.094910553,-0.059491553
12.12055,-0.112137728,-0.094072321,-0.059033134
12.1394,-0.111092595,-0.093228081,-0.058572868
12.15825,-0.110035962,-0.096316504,-0.058110772
12.1771,-0.108967871,-0.096140611,-0.057646867
12.19595,-0.107888362,-0.095406645,-0.057181168
12.2148,-0.10679748,-0.091805085,-0.056713696
12.23365,-0.105695266,-0.09103231,-0.056244469
12.2525,-0.104581765,-0.090253645,-0.055773504
12.27135,-0.10345702,-0.089469122,-0.055300821
12.2902,-0.102321077,-0.088678772,-0.054826438
12.30905,-0.101173979,-0.087882626,-0.054350374
12.3279,-0.100015772,-0.087080715,-0.053872648
12.34675,-0.098846502,-0.086273071,-0.053393279
12.3656,-0.097666214,-0.086851,-0.052912285
12.38445,-0.096708159,-0.085958087,-0.052429686
12.4033,-0.095884524,-0.08505869,-0.051945501
12.42215,-0.0950519,-0.084152844,-0.051459748
12.441,-0.094210319,-0.083240585,-0.050972447
12.45985,-0.096228408,-0.082321949,-0.050483617
12.4787,-0.095345846,-0.081396973,-0.049993278
12.49755,-0.094454194,-0.08067845,-0.049501448
12.5164,-0.093553487,-0.079853821,-0.049008148
12.53525,-0.092643761,-0.079024567,-0.048513396
12.5541,-0.091725051,-0.07819072,-0.048017213
12.57295,-0.090797393,-0.077352314,-0.047519618
12.5918,-0.089860825,-0.076509381,-0.047020629
12.61065,-0.088915383,-0.07559244,-0.046520269
12.6295,-0.087961104,-0.074802443,-0.046018555
12.64835,-0.086998026,-0.074007907,-0.045515507
12.6672,-0.086026188,-0.073208865,-0.045011147
12.68605,-0.085045627,-0.072405347,-0.044505492
12.7049,-0.084056383,-0.071597385,-0.043998565
12.72375,-0.083058494,-0.070785011,-0.043490383
12.7426,-0.081769598,-0.069968257,-0.042980968
12.76145,-0.080775681,-0.069147156,-0.042503969
12.7803,-0.07977363,-0.06832174,-0.041985582
12.79915,-0.078763483,-0.067492041,-0.041466003
12.818,-0.077745282,-0.066658092,-0.040945252
12.83685,-0.076719065,-0.065819927,-0.040423351
12.8557,-0.075684874,-0.06469282,-0.039722737
12.87455,-0.074642749,-0.063848191,-0.039180769
12.8934,-0.073592732,-0.063000524,-0.038637715
12.91225,-0.072534863,-0.062149854,-0.038093596
12.9311,-0.071469186,-0.061296916,-0.037548434
12.94995,-0.070277413,-0.060410464,-0.03700225
12.9688,-0.069326591,-0.059521062,-0.036455066
12.98765,-0.068368702,-0.058628745,-0.035906903
13.0065,-0.067403783,-0.057733548,-0.035357783
13.02535,-0.066431874,-0.056835506,-0.034807728
13.0442,-0.065453012,-0.055934656,-0.03425676
13.06305,-0.064467236,-0.055031032,-0.0337049
13.0819,-0.063474585,-0.054124671,-0.033152169
13.10075,-0.062475097,-0.053215608,-0.032598591
13.1196,-0.061468814,-0.052303878,-0.032044186
13.13845,-0.060455773,-0.051389519,-0.031488977
13.1573,-0.059436016,-0.050472566,-0.030932985
13.17615,-0.058409582,-0.049553055,-0.030376233
13.195,-0.057376513,-0.048631022,-0.029818742
13.21385,-0.056336848,-0.047706505,-0.029260535
13.2327,-0.055290629,-0.046354313,-0.028701633
13.25155,-0.053912384,-0.045427815,-0.028142058
13.2704,-0.052787678,-0.044498304,-0.027564348
13.28925,-0.051656826,-0.043565816,-0.027025369
13.3081,-0.050519873,-0.042630388,-0.026485797
13.32695,-0.049376865,-0.041692057,-0.025945651
13.3458,-0.048227847,-0.04075086,-0.025404954
13.36465,-0.047072863,-0.039806834,-0.024863727
13.3835,-0.045911959,-0.038860017,-0.02432199
13.40235,-0.044745182,-0.038351247,-0.023779766
13.4212,-0.043572577,-0.037514839,-0.023237075
13.44005,-0.042394191,-0.034138984,-0.02269394
13.4589,-0.04121007,-0.033349139,-0.022150382
13.47775,-0.04002026,-0.032557703,-0.021606422
13.4966,-0.03882481,-0.031764705,-0.021062081
13.51545,-0.037623765,-0.030970178,-0.020517381
13.5343,-0.036417174,-0.030174153,-0.019972345
13.55315,-0.035205084,-0.02874828,-0.019426992
13.572,-0.033987543,-0.0278837,-0.018881345
13.59085,-0.032764599,-0.026810705,-0.018335425
13.6097,-0.031536301,-0.02589235,-0.017789253
13.62855,-0.030302696,-0.024972974,-0.017242852
13.6474,-0.029472369,-0.024765163,-0.016696243
13.66625,-0.02831771,-0.023816952,-0.016149448
13.6851,-0.027187784,-0.022867489,-0.015602487
13.70395,-0.026055848,-0.021916812,-0.015055383
13.7228,-0.024921949,-0.020964958,-0.014508158
13.74165,-0.023786129,-0.020011965,-0.013960832
13.7605,-0.022648435,-0.019057871,-0.011594322
13.77935,-0.021508912,-0.018102713,-0.01104156
13.7982,-0.020367603,-0.017146529,-0.010488391
13.81705,-0.019224555,-0.016189358,-0.009934836
13.8359,-0.018079812,-0.015231235,-0.009380918
13.85475,-0.01693342,-0.0142722,-0.008826658
13.8736,-0.015785424,-0.01331229,-0.008228218
13.89245,-0.014635869,-0.012351544,-0.007641235
13.9113,-0.0134848,-0.011389998,-0.007054082
13.93015,-0.012332264,-0.010427692,-0.006466784
13.949,-0.008544227,-0.009464662,-0.005879363
13.96785,-0.007180551,-0.008500948,-0.005291842
13.9867,-0.005813593,-0.007536587,-0.004704245
14.00555,-0.004443405,-0.006571616,-0.004116594
14.0244,-0.003070042,-0.005606075,-0.003528914
14.04325,-0.001693558,-0.004640002,-0.002941227
14.0621,-0.000314008,-0.003885204,-0.002353556
14.08095,0.001068554,-0.002980044,-0.001765925
14.0998,0.002454073,-0.002074654,-0.001178356
14.11865,0.003842495,-0.001169068,-0.000590874
14.1375,0.005233765,-0.000263323,-3.50E-06
14.15635,0.00149745,0.000490722,0.00058374
14.1752,0.002638655,0.001520692,0.001170825
14.19405,0.003777734,0.002550353,0.001757732
14.2129,0.004914642,0.003579666,0.002344436
14.23175,0.006049333,0.004608589,0.002930916
14.2506,0.007181764,0.005637082,0.003517147
14.26945,0.008311888,0.006665103,0.004103107
14.2883,0.009439663,0.007692614,0.004688772
14.30715,0.010565042,0.008719572,0.00527412
14.326,0.011687983,0.009745939,0.005859127
14.34485,0.012808439,0.010771671,0.00644377
14.3637,0.013926368,0.011796731,0.007028027
14.38255,0.015041725,0.012821076,0.007611873
14.4014,0.016154465,0.013844667,0.008195286
14.42025,0.017264546,0.014661695,0.008778244
14.4391,0.018371923,0.015590998,0.009360722
14.45795,0.019476552,0.016519021,0.009942698
14.4768,0.020578391,0.017445727,0.010524149
14.49565,0.021677395,0.01837108,0.011105052
14.5145,0.02277352,0.019295044,0.011685385
14.53335,0.023788801,0.020217581,0.012265123
14.5522,0.024906013,0.021138656,0.012844245
14.57105,0.026020132,0.022058232,0.013961386
14.5899,0.027131114,0.022976273,0.014532775
14.60875,0.028262246,0.023892742,0.015103691
14.6276,0.029331311,0.024807603,0.015674114
14.64645,0.03039698,0.025720821,0.01624402
14.6653,0.031459212,0.026632359,0.016813387
14.68415,0.032517964,0.027542181,0.017382193
14.703,0.033573194,0.028450251,0.017950414
14.72185,0.034624862,0.029356534,0.01851803
14.7407,0.035672924,0.030260994,0.019085016
14.75955,0.036717341,0.031163594,0.020762479
14.7784,0.03775807,0.032584844,0.021295221
14.79725,0.038795071,0.033479618,0.021827576
14.8161,0.039828303,0.03437278,0.022359522
14.83495,0.040857725,0.035264293,0.022891039
14.8538,0.041883295,0.036522353,0.023422106
14.87265,0.044127998,0.037539936,0.023952701
14.8915,0.045386575,0.038555626,0.024482805
14.91035,0.046639547,0.039569381,0.025012394
14.9292,0.047886865,0.040581161,0.02554145
14.94805,0.049128479,0.041590927,0.026069951
14.9669,0.050246511,0.042598639,0.026597876
14.98575,0.051382918,0.043604256,0.027125204
15.0046,0.052513343,0.04460774,0.027651915
15.02345,0.053637741,0.04560905,0.028177987
15.0423,0.054756069,0.046608147,0.0287034
15.06115,0.055583965,0.047604992,0.029228134
15.08,0.056657966,0.048599545,0.029752167
15.09885,0.057725092,0.049248264,0.030275479
15.1177,0.058785302,0.050189883,0.030798048
15.13655,0.059838553,0.051128299,0.031319856
15.1554,0.060884805,0.052063474,0.03184088
15.17425,0.061924015,0.052995373,0.0323611
15.1931,0.062956143,0.053923958,0.032880497
15.21195,0.063981147,0.054825039,0.033399048
15.2308,0.064998989,0.055712191,0.033916735
15.24965,0.066210013,0.056595852,0.034433535
15.2685,0.067507267,0.058101255,0.03494943
15.28735,0.068796538,0.058945274,0.035464398
15.3062,0.070077777,0.059786662,0.03597842
15.32505,0.071350931,0.060625386,0.036491474
15.3439,0.072615951,0.061461412,0.037003541
15.36275,0.073872787,0.062294708,0.037514601
15.3816,0.07512139,0.06312524,0.038024633
15.40045,0.075582788,0.063952975,0.039784516
15.4193,0.076661041,0.064777882,0.040287567
15.43815,0.077729489,0.065599927,0.040789464
15.457,0.078788089,0.066419078,0.041290187
15.47585,0.0798368,0.067235303,0.041789716
15.4947,0.080875581,0.068048569,0.042288031
15.51355,0.08190439,0.068858844,0.042785113
15.5324,0.082923187,0.069666097,0.043280942
15.55125,0.083931932,0.070470296,0.043775498
15.5701,0.084930585,0.071271408,0.044268762
15.58895,0.085880826,0.072069402,0.044760715
15.6078,0.086975212,0.072864246,0.045251336
15.62665,0.0880589,0.07365591,0.045740608
15.6455,0.089131847,0.074444362,0.046228509
15.66435,0.090194011,0.075229571,0.046715022
15.6832,0.091245349,0.077793936,0.047200127
15.70205,0.09228582,0.078647658,0.047683804
15.7209,0.093315383,0.078908566,0.048166035
15.73975,0.094333997,0.079623457,0.048646801
15.7586,0.095341623,0.080333456,0.049126082
15.77745,0.09633822,0.079480807,0.04960386
15.7963,0.097323749,0.08023515,0.050080115
15.81515,0.098298171,0.080608966,0.05055483
15.834,0.099261447,0.082457469,0.051027985
15.85285,0.100213541,0.083327546,0.051499562
15.8717,0.101154413,0.084193346,0.051969541
15.89055,0.102084027,0.085054838,0.052437905
15.9094,0.103002346,0.085911986,0.052904635
15.92825,0.103909334,0.086764757,0.053369712
15.9471,0.104804956,0.087613117,0.053833119
15.96595,0.105689175,0.088457033,0.054294837
15.9848,0.106561957,0.089296471,0.055037158
16.00365,0.107423267,0.090131398,0.055501024
16.0225,0.104091454,0.090961782,0.055963089
16.04135,0.104925522,0.091787589,0.056720158
16.0602,0.105750196,0.092608787,0.057184084
16.07905,0.106565441,0.093425343,0.057646102
16.0979,0.107371228,0.094237225,0.060192305
16.11675,0.108167522,0.095044401,0.060596675
16.1356,0.108954294,0.09584684,0.060999736
16.15445,0.110769503,0.096644509,0.061401473
16.1733,0.111777429,0.097437378,0.061801869
16.19215,0.11277088,0.098225414,0.062200909
16.211,0.113749816,0.099008587,0.062598577
16.22985,0.1147142,0.099786866,0.062994856
16.2487,0.115663992,0.100560219,0.063389733
16.26755,0.116599156,0.101328617,0.06378319
16.2864,0.117519654,0.10209203,0.064175212
16.30525,0.11842545,0.102850426,0.064565785
16.3241,0.119316509,0.103603777,0.064954892
16.34295,0.120192795,0.105251304,0.065342518
16.3618,0.121054273,0.103755538,0.065728648
16.38065,0.12190091,0.104575517,0.066113266
16.3995,0.122732672,0.10538879,0.066496358
16.41835,0.123549527,0.106195326,0.066877908
16.4372,0.124351441,0.106995093,0.067257901
16.45605,0.125138385,0.10778806,0.067636323
16.4749,0.125910325,0.108574194,0.068013158
16.49375,0.126667232,0.109353465,0.068388391
16.5126,0.127409077,0.110125843,0.068762007
16.53145,0.128135829,0.11087026,0.069133993
16.5503,0.12884746,0.111601476,0.069504333
16.56915,0.129543942,0.112325794,0.069873012
16.588,0.130225247,0.113043185,0.070240016
16.60685,0.130891349,0.11375362,0.070605331
16.6257,0.131542221,0.114457072,0.070968942
16.64455,0.132534224,0.115153512,0.071330834
16.6634,0.133420151,0.115842914,0.071690994
16.68225,0.134291017,0.116525251,0.072049407
16.7011,0.135146786,0.117144673,0.072457041
16.71995,0.135987426,0.117885103,0.072858445
16.7388,0.136812903,0.11866211,0.073257994
16.75765,0.137623183,0.119301896,0.073655674
16.7765,0.138418237,0.119934823,0.074051468
16.79535,0.139198031,0.120560867,0.074445361
16.8142,0.139962535,0.121180004,0.074837337
16.83305,0.140711719,0.121792207,0.075227381
16.8519,0.141445554,0.122397455,0.075615477
16.87075,0.142164011,0.122995721,0.07600161
16.8896,0.14286706,0.123586984,0.076385765
16.90845,0.143552758,0.124171219,0.076767926
16.9273,0.144278404,0.124346943,0.077148079
16.94615,0.144986833,0.124914997,0.077526209
16.965,0.145678015,0.125475196,0.0779023
16.98385,0.146351925,0.126027518,0.078276338
17.0027,0.147008534,0.126571941,0.078648307
17.02155,0.147647818,0.127108443,0.079018194
17.0404,0.14826975,0.127637004,0.079385984
17.05925,0.148874307,0.128157602,0.079442352
17.0781,0.149461465,0.128670216,0.079764513
17.09695,0.150031199,0.129174827,0.080953298
17.1158,0.150583489,0.132064999,0.081251619
17.13465,0.151118312,0.132449406,0.081548197
17.1535,0.151635647,0.132826839,0.08184302
17.17235,0.152135473,0.132951918,0.082136076
17.1912,0.152617771,0.133341114,0.082427353
17.21005,0.154206607,0.133722985,0.082716841
17.2289,0.154833778,0.134097517,0.083004528
17.24775,0.155440777,0.134464694,0.083290401
17.2666,0.148071233,0.134824503,0.083574451
17.28545,0.148707718,0.135176928,0.083856666
17.3043,0.149319287,0.135521956,0.084137034
17.32315,0.149905918,0.13611273,0.084415546
17.342,0.150467587,0.136623983,0.084692188
17.36085,0.153824512,0.13712809,0.084966952
17.3797,0.154383889,0.137625029,0.085239825
17.39855,0.154929011,0.138114781,0.085510798
17.4174,0.155459857,0.138597327,0.085779859
17.43625,0.155976406,0.139072648,0.086046997
17.4551,0.156478637,0.138791006,0.086204274
17.47395,0.156966532,0.139232098,0.086450972
17.4928,0.15744007,0.139664825,0.086695735
17.51165,0.157899233,0.140089169,0.086938552
17.5305,0.158344003,0.140505113,0.087179415
17.54935,0.158774361,0.140912641,0.087418313
17.5682,0.159190292,0.141311738,0.087655238
17.58705,0.159879877,0.141702386,0.08789018
17.6059,0.160258187,0.142084571,0.088123129
17.62475,0.16062201,0.142458278,0.088354076
17.6436,0.160971331,0.142823492,0.088583013
17.66245,0.161306137,0.143180198,0.088809931
17.6813,0.161626413,0.143528383,0.089034819
17.70015,0.161932148,0.143868032,0.08925767
17.719,0.16222333,0.144199133,0.089297192
17.73785,0.162499947,0.141634524,0.089504299
17.7567,0.168597231,0.142097503,0.089709301
17.77555,0.169114717,0.1425511,0.08991219
17.7944,0.169612697,0.142995296,0.090112959
17.81325,0.170091151,0.143430075,0.0903116
17.8321,0.170550059,0.143855419,0.090508105
17.85095,0.170989403,0.144271311,0.090702466
17.8698,0.171409167,0.143867234,0.090894676
17.88865,0.171809334,0.144207459,0.091084726
17.9075,0.172189887,0.144538155,0.09127261
17.92635,0.172550812,0.144859312,0.091458319
17.9452,0.172892095,0.147770483,0.091641847
17.96405,0.173213721,0.148135888,0.091823187
17.9829,0.173515679,0.148494223,0.093497274
18.00175,0.173797957,0.148845473,0.093653379
18.0206,0.174060543,0.149337911,0.093807525
18.03945,0.174303427,0.149559328,0.093959706
18.0583,0.176787419,0.14977332,0.094109917
18.07715,0.177004852,0.14997988,0.09425815
18.096,0.17720323,0.150178998,0.0944044
18.11485,0.177382545,0.150370668,0.094548661
18.1337,0.177542791,0.150554881,0.094690929
18.15255,0.177683959,0.15073163,0.094831196
18.1714,0.177806046,0.150900908,0.094969458
18.19025,0.177909046,0.151062709,0.095105709
18.2091,0.177992955,0.152022465,0.095239943
18.22795,0.17805777,0.152218717,0.095372156
18.2468,0.178103488,0.152404626,0.095502342
18.26565,0.178130108,0.152580185,0.095630497
18.2845,0.178137628,0.152900592,0.095756614
18.30335,0.178126048,0.153078035,0.095880689
18.3222,0.168024218,0.153244977,0.096002717
18.34105,0.168211103,0.153401412,0.096122694
18.3599,0.16838402,0.153547332,0.094686804
18.37875,0.16854296,0.153682732,0.094771309
18.3976,0.177725719,0.153807607,0.094852531
18.41645,0.178049892,0.153921952,0.094930466
18.4353,0.178354623,0.154025763,0.095005111
18.45415,0.178639901,0.154119034,0.095076464
18.473,0.178905715,0.154201764,0.095144521
18.49185,0.179152053,0.154273947,0.095076895
18.5107,0.179378906,0.154335582,0.095147336
18.52955,0.179586265,0.154386666,0.095214523
18.5484,0.179774122,0.150581934,0.095278453
18.56725,0.179942469,0.150636541,0.095236773
18.5861,0.180091301,0.151913853,0.095281752
18.60495,0.18022061,0.152056512,0.095323848
18.6238,0.180330392,0.15219149,0.095363058
18.64265,0.180420643,0.152318781,0.095399382
18.6615,0.180491359,0.15243838,0.095432817
18.68035,0.180542536,0.152550284,0.095463362
18.6992,0.180574174,0.152654486,0.095491017
18.71805,0.180586271,0.152750984,0.09551578
18.7369,0.180578826,0.152839773,0.09553765
18.75575,0.18055184,0.152920849,0.095556627
18.7746,0.180505314,0.152994211,0.095572708
18.79345,0.180439249,0.153059853,0.095585895
18.8123,0.180353648,0.153117776,0.095596186
18.83115,0.180248516,0.153167974,0.095603581
18.85,0.180123854,0.153210448,0.09560808
