Distance [mm],Br [],Br_1 [],Br_2 []
0,0.227908327,0.09277079,0.048041758
0.01885,0.227877237,0.092808115,0.047999296
0.0377,0.227835913,0.093041678,0.047956742
0.05655,0.22778439,0.092934582,0.047914103
0.0754,0.22778138,0.092827862,0.047871383
0.09425,0.227730855,0.09272154,0.047828588
0.1131,0.227667981,0.092615638,0.04778572
0.13195,0.228136225,0.092764849,0.047742782
0.1508,0.228141441,0.092759585,0.047699775
0.16965,0.228135846,0.092755059,0.0476567
0.1885,0.228119393,0.092751256,0.047613556
0.20735,0.228092036,0.092748162,0.047570341
0.2262,0.228053732,0.092958885,0.047527053
0.24505,0.228004444,0.093005042,0.047483688
0.2639,0.227944136,0.093048904,0.047440242
0.28275,0.227872777,0.093090435,0.047396709
0.3016,0.227790338,0.093129599,0.047353082
0.32045,0.227696794,0.093166358,0.047366616
0.3393,0.227592124,0.093200674,0.047351407
0.35815,0.22747631,0.093232509,0.047336078
0.377,0.227349336,0.093261821,0.047320615
0.39585,0.227211193,0.09328857,0.047305005
0.4147,0.227061871,0.093312715,0.047289233
0.43355,0.226901367,0.093334213,0.047273282
0.4524,0.22672968,0.093353021,0.047257136
0.47125,0.226546812,0.093369094,0.047240775
0.4901,0.226352769,0.095461027,0.047224179
0.50895,0.225998018,0.095446246,0.047207327
0.5278,0.22581581,0.09543482,0.047190198
0.54665,0.225621849,0.095426709,0.047172766
0.5655,0.225416108,0.095324118,0.04754719
0.58435,0.225198563,0.094392148,0.047465249
0.6032,0.224969197,0.094278253,0.047383797
0.62205,0.224727991,0.094167887,0.047302821
0.6409,0.224474935,0.094061029,0.047222307
0.65975,0.224210019,0.093957651,0.047142241
0.6786,0.223933238,0.093857728,0.047062605
0.69745,0.223644591,0.093761229,0.046983385
0.7163,0.223344079,0.093668122,0.04690456
0.73515,0.223031708,0.093578373,0.046826114
0.754,0.220219521,0.093586853,0.046748025
0.77285,0.219859322,0.093514222,0.046749515
0.7917,0.219486212,0.093445521,0.046676169
0.81055,0.219100197,0.093380703,0.046603785
0.8294,0.218701285,0.091381908,0.046532344
0.84825,0.218441801,0.091123299,0.046461826
0.8671,0.218082408,0.090862641,0.046392208
0.88595,0.21771231,0.090599925,0.046323468
0.9048,0.217331489,0.090335141,0.046255583
0.92365,0.216939931,0.09006828,0.046188528
0.9425,0.216763488,0.08979933,0.046122277
0.96135,0.216430005,0.089528279,0.045899771
0.9802,0.216085771,0.089255113,0.04576385
0.99905,0.215730739,0.088979817,0.045628058
1.0179,0.215364869,0.088702377,0.045492371
1.03675,0.214988123,0.088063499,0.045356766
1.0556,0.214600464,0.087570279,0.045221218
1.07445,0.214201863,0.086894349,0.045085701
1.0933,0.213792292,0.086668236,0.044950187
1.11215,0.213371726,0.086442844,0.044814649
1.131,0.212940146,0.086218141,0.044679055
1.14985,0.212497533,0.085994094,0.044543376
1.1687,0.212043875,0.085770669,0.04440758
1.18755,0.211493615,0.08554783,0.044271633
1.2064,0.210892711,0.085325541,0.044135501
1.22525,0.210282549,0.085103763,0.043999149
1.2441,0.209663132,0.084882458,0.043862541
1.26295,0.209034467,0.084661585,0.043725639
1.2818,0.208396563,0.084441101,0.043588404
1.30065,0.207749432,0.084220964,0.043450796
1.3195,0.20709309,0.084001131,0.043312776
1.33835,0.206427555,0.083781554,0.043087263
1.3572,0.205752846,0.083562189,0.04294789
1.37605,0.205680134,0.083342987,0.042808969
1.3949,0.204982987,0.083123898,0.042670465
1.41375,0.204274024,0.079349083,0.042532342
1.4326,0.203553259,0.083680414,0.042394562
1.45145,0.20282071,0.083378134,0.042257087
1.4703,0.202076399,0.083074147,0.042119879
1.48915,0.201489192,0.082768403,0.041982898
1.508,0.200796603,0.082460851,0.041846104
1.52685,0.200094037,0.082047594,0.041709454
1.5457,0.199381484,0.08174091,0.041572906
1.56455,0.198658939,0.081434681,0.041436418
1.5834,0.1979264,0.081128849,0.041299946
1.60225,0.197183866,0.080823356,0.041163444
1.6211,0.19643134,0.080518142,0.041026866
1.63995,0.195668828,0.080213148,0.040739815
1.6588,0.19489634,0.080192883,0.040556213
1.67765,0.194113887,0.077203224,0.040373107
1.6965,0.193321486,0.080808376,0.040190451
1.71535,0.192519154,0.080457745,0.0400082
1.7342,0.191706913,0.080109885,0.039826305
1.75305,0.190884787,0.079764742,0.039644719
1.7719,0.188815978,0.079422261,0.039463391
1.79075,0.190194669,0.079082387,0.039282272
1.8096,0.189354245,0.07874506,0.039101309
1.82845,0.18850282,0.078410221,0.03892045
1.8473,0.187640384,0.078077806,0.038739641
1.86615,0.186766931,0.077747751,0.038558826
1.885,0.185882461,0.077419991,0.038377951
1.90385,0.184986972,0.077094457,0.038057857
1.9227,0.184080469,0.076771079,0.037888893
1.94155,0.183162956,0.076449787,0.03772016
1.9604,0.182234444,0.076130506,0.0375516
1.97925,0.181294943,0.075813161,0.037383158
1.9981,0.180344469,0.075497676,0.037214777
2.01695,0.179383039,0.075183971,0.037046396
2.0358,0.178410673,0.074871966,0.036877958
2.05465,0.177427396,0.074205676,0.036709403
2.0735,0.176433233,0.07381351,0.03654067
2.09235,0.175428214,0.073425778,0.036371697
2.1112,0.174412372,0.073042426,0.036202422
2.13005,0.17338574,0.0726634,0.036032783
2.1489,0.172348359,0.071933839,0.035862715
2.16775,0.171952436,0.071721657,0.035692155
2.1866,0.170949802,0.07151203,0.035521037
2.20545,0.169939342,0.071304856,0.035380755
2.2243,0.168921064,0.069370734,0.035159423
2.24315,0.167894981,0.068921532,0.034939453
2.262,0.166861106,0.068474548,0.034720789
2.28085,0.165819455,0.068029728,0.034503373
2.2997,0.164770046,0.067587017,0.034287145
2.31855,0.163712901,0.067146357,0.034072046
2.3374,0.162648043,0.066707691,0.033858016
2.35625,0.161575496,0.066270958,0.033644992
2.3751,0.160843939,0.065836099,0.033432914
2.39395,0.159860711,0.065403052,0.033221719
2.4128,0.158868855,0.064971753,0.033011342
2.43165,0.157868352,0.064542139,0.03280172
2.4505,0.156859184,0.064114144,0.032592788
2.46935,0.155841338,0.063687702,0.032384479
2.4882,0.1548148,0.063262744,0.032176729
2.50705,0.153779561,0.062839202,0.031969469
2.5259,0.152735613,0.062417007,0.031762631
2.54475,0.151682951,0.061996086,0.031556148
2.5636,0.150621572,0.061576369,0.031349951
2.58245,0.149551475,0.061157781,0.031143968
2.6013,0.148472663,0.060740249,0.030938131
2.62015,0.14738514,0.060323697,0.030732368
2.639,0.146288912,0.058221188,0.030526608
2.65785,0.14518399,0.057734667,0.030320778
2.6767,0.144070384,0.057247237,0.030114805
2.69555,0.143450673,0.056758828,0.029908618
2.7144,0.14231689,0.05626937,0.029702141
2.73325,0.141176445,0.055778792,0.0294953
2.7521,0.140029342,0.055287023,0.029288021
2.77095,0.138875586,0.05479399,0.029080228
2.7898,0.137715184,0.054299622,0.028871846
2.80865,0.136548146,0.053469453,0.028662798
2.8275,0.135374484,0.053406489,0.028453008
2.84635,0.134194211,0.052886229,0.028242399
2.8652,0.133007343,0.057197442,0.028030894
2.88405,0.131813896,0.056539841,0.02813613
2.9029,0.13061389,0.055881171,0.027843212
2.92175,0.129176391,0.0552218,0.027555764
2.9406,0.127986089,0.054758346,0.027268258
2.95945,0.126789997,0.054293187,0.027027243
2.9783,0.125588118,0.050545623,0.026735284
2.99715,0.124380454,0.050059102,0.0264442
3.016,0.123167011,0.049573902,0.026153926
3.03485,0.121947796,0.049089925,0.025864396
3.0537,0.119853777,0.048607073,0.025575546
3.07255,0.118585998,0.048125244,0.025287307
3.0914,0.117313073,0.047644339,0.024999613
3.11025,0.116035017,0.047164254,0.024712396
3.1291,0.114751848,0.046684888,0.024425587
3.14795,0.113463582,0.046206136,0.024139118
3.1668,0.112170239,0.045727893,0.023852917
3.18565,0.110871839,0.045250053,0.023566916
3.2045,0.109568404,0.04477251,0.023281041
3.22335,0.108259956,0.044295157,0.022995223
3.2422,0.106946522,0.043817884,0.022709388
3.26105,0.106466506,0.043340583,0.022423464
3.2799,0.105228662,0.042863144,0.022137377
3.29875,0.103985886,0.042385455,0.021851053
3.3176,0.102738171,0.041907405,0.021564417
3.33645,0.101485513,0.041428881,0.021277395
3.3553,0.100227907,0.040949771,0.02098991
3.37415,0.098965351,0.04046996,0.020701887
3.393,0.097697843,0.039989333,0.020413248
3.41185,0.096425383,0.039507775,0.020123916
3.4307,0.095147972,0.039119136,0.019833814
3.44955,0.093865611,0.038542605,0.019542864
3.4684,0.092578306,0.037968623,0.019250986
3.48725,0.091286059,0.037397094,0.018958103
3.5061,0.089988878,0.036827923,0.018664133
3.52495,0.088686769,0.036261012,0.018368998
3.5438,0.087379742,0.035696264,0.018072617
3.56265,0.086067807,0.035133581,0.01777491
3.5815,0.084750974,0.034572863,0.017475794
3.60035,0.083429257,0.034014011,0.01717519
3.6192,0.08210267,0.033456925,0.016873015
3.63805,0.080771228,0.032901502,0.016631611
3.6569,0.079434948,0.032347641,0.016367692
3.67575,0.078093849,0.03179524,0.016104587
3.6946,0.07674795,0.031126504,0.015842213
3.71345,0.075397272,0.030575609,0.015580486
3.7323,0.074041838,0.030025267,0.015319323
3.75115,0.072681672,0.029475389,0.015058639
3.77,0.071316799,0.02892588,0.014798349
3.78885,0.069947246,0.02837665,0.014538369
3.8077,0.068651883,0.027827604,0.014278613
3.82655,0.0672644,0.027278649,0.014018997
3.8454,0.065874079,0.026729691,0.013759433
3.86425,0.064480934,0.026180636,0.013499837
3.8831,0.06308498,0.024787227,0.013240121
3.90195,0.061686233,0.024286096,0.0129802
3.9208,0.06028471,0.023783741,0.012719987
3.93965,0.05888043,0.023275256,0.012459394
3.9585,0.057487605,0.022742234,0.012258941
3.97735,0.056075611,0.022210477,0.011923522
3.9962,0.054662075,0.021484567,0.011589179
4.01505,0.053247014,0.02099544,0.01125583
4.0339,0.051830446,0.020506891,0.010923389
4.05275,0.049838444,0.020018805,0.010591773
4.0716,0.048401963,0.01953107,0.010260896
4.09045,0.046964398,0.019043571,0.009930673
4.1093,0.045525774,0.018556192,0.009601019
4.12815,0.044086117,0.018068821,0.009271849
4.147,0.042645451,0.01760377,0.008943074
4.16585,0.041203802,0.017012588,0.008614611
4.1847,0.039761196,0.016423666,0.00828637
4.20355,0.038317659,0.01583691,0.007958267
4.2224,0.036873217,0.015252222,0.007630213
4.24125,0.035427896,0.014669507,0.007302121
4.2601,0.033981721,0.014088667,0.006973903
4.27895,0.032488098,0.013509606,0.006645472
4.2978,0.031096892,0.012932226,0.00631674
4.31665,0.029703765,0.012356429,0.005987618
4.3355,0.028308693,0.011782119,0.005658019
4.35435,0.026911658,0.011209195,0.005327854
4.3732,0.025512636,0.01063756,0.004997034
4.39205,0.024111609,0.010067115,0.004665471
4.4109,0.022708555,0.009497761,0.004333077
4.42975,0.021303455,0.008699053,0.004151095
4.4486,0.01989629,0.008117382,0.00388024
4.46745,0.01848704,0.00753571,0.003609429
4.4863,0.017075686,0.00695394,0.003338575
4.50515,0.015662211,0.006371977,0.003067592
4.524,0.014246597,0.005789724,0.002796393
4.54285,0.012828827,0.005207086,0.002524891
4.5617,0.011408884,0.004623968,0.002252998
4.58055,0.009986752,0.004040272,0.001980627
4.5994,0.008562416,0.003455904,0.001707691
4.61825,0.00713586,0.001644716,0.001434102
4.6371,0.00570707,0.001041412,0.001159772
4.65595,0.004276032,0.000436767,0.000884615
4.6748,0.002842734,-0.000169322,0.000608543
4.69365,0.001407163,0.00065067,0.000331467
4.7125,-3.07E-05,-1.90E-05,5.33E-05
4.73135,-0.001474459,-0.000692047,-0.000226043
4.7502,-0.002916809,-0.00131799,-0.000506653
4.76905,-0.004357749,-0.001994346,-0.000788616
4.7879,-0.005797284,-0.002652355,-0.001072019
4.80675,-0.007235422,-0.003200613,-0.001401103
4.8256,-0.008672168,-0.003747672,-0.001713248
4.84445,-0.010107531,-0.004293643,-0.002023715
4.8633,-0.011541519,-0.004838637,-0.002332591
4.88215,-0.012974139,-0.005382764,-0.002639962
4.901,-0.0144054,-0.005926138,-0.002945918
4.91985,-0.015835311,-0.006468867,-0.003250546
4.9387,-0.017263882,-0.007011064,-0.003553932
4.95755,-0.018691122,-0.007552839,-0.003856164
4.9764,-0.020117041,-0.008094303,-0.004157331
4.99525,-0.02154165,-0.008635568,-0.004457519
5.0141,-0.022964959,-0.009176743,-0.004756815
5.03295,-0.024386978,-0.00971794,-0.005055307
5.0518,-0.025807721,-0.010259268,-0.005353081
5.07065,-0.027227196,-0.010800837,-0.005650225
5.0895,-0.028645417,-0.011342758,-0.005946826
5.10835,-0.030062394,-0.01188514,-0.00624297
5.1272,-0.031251338,-0.012281794,-0.006538743
5.14605,-0.032516704,-0.012866522,-0.006834232
5.1649,-0.033366133,-0.013452391,-0.007129523
5.18375,-0.036064916,-0.014039495,-0.007424702
5.2026,-0.037451667,-0.01462793,-0.007719855
5.22145,-0.038836358,-0.01521779,-0.008015067
5.2403,-0.040219002,-0.01580917,-0.008310423
5.25915,-0.041599615,-0.016402163,-0.008606008
5.278,-0.042978213,-0.016996863,-0.008901907
5.29685,-0.044354811,-0.017593364,-0.009002342
5.3157,-0.045729427,-0.018191758,-0.009336182
5.33455,-0.047102079,-0.018792138,-0.0096707
5.3534,-0.048472785,-0.019394597,-0.010005989
5.37225,-0.049841566,-0.019999226,-0.010342142
5.3911,-0.051208441,-0.020606117,-0.010679253
5.40995,-0.052573431,-0.02121536,-0.011017414
5.4288,-0.053936558,-0.021853444,-0.011356719
5.44765,-0.055297844,-0.022401534,-0.011697259
5.4665,-0.056657312,-0.022949105,-0.012039127
5.48535,-0.058014985,-0.023496253,-0.012382413
5.5042,-0.059370887,-0.024043074,-0.012540494
5.52305,-0.060725042,-0.024589662,-0.012834458
5.5419,-0.062077477,-0.025136114,-0.013127004
5.56075,-0.063428216,-0.025682524,-0.013418225
5.5796,-0.064777287,-0.026228988,-0.013708215
5.59845,-0.066124714,-0.027189794,-0.013997066
5.6173,-0.067470526,-0.027803417,-0.014284872
5.63615,-0.068971649,-0.028416777,-0.014571725
5.655,-0.070306953,-0.028460593,-0.014857719
5.67385,-0.071637928,-0.029060822,-0.015142946
5.6927,-0.072964585,-0.029659274,-0.015427499
5.71155,-0.074286938,-0.030256034,-0.015711468
5.7304,-0.075605,-0.030851188,-0.015994947
5.74925,-0.076918787,-0.03144482,-0.016278027
5.7681,-0.078228319,-0.032037013,-0.016560799
5.78695,-0.079533613,-0.032627853,-0.016843354
5.8058,-0.08083469,-0.033217422,-0.017125782
5.82465,-0.082131573,-0.033805805,-0.017408175
5.8435,-0.083424283,-0.034393083,-0.017690622
5.86235,-0.085184677,-0.034979339,-0.017973212
5.8812,-0.086560482,-0.035564656,-0.018256036
5.90005,-0.087932197,-0.036149114,-0.018539182
5.9189,-0.089299803,-0.036660882,-0.018822738
5.93775,-0.090663283,-0.037260924,-0.019106792
5.9566,-0.092022622,-0.03786155,-0.019391433
5.97545,-0.093377806,-0.038462836,-0.019676748
5.9943,-0.094728821,-0.039064859,-0.019962822
6.01315,-0.096075654,-0.039667695,-0.020249743
6.032,-0.097418297,-0.040271418,-0.020537596
6.05085,-0.098756737,-0.040842114,-0.020826468
6.0697,-0.100090968,-0.041415851,-0.021116441
6.08855,-0.101420982,-0.041990458,-0.021407602
6.1074,-0.102794479,-0.042566034,-0.021754914
6.12625,-0.104104843,-0.043142677,-0.022069745
6.1451,-0.105409229,-0.043720484,-0.022553614
6.16395,-0.10670761,-0.044299553,-0.022785995
6.1828,-0.107999963,-0.044427815,-0.023017427
6.20165,-0.109286263,-0.044912894,-0.023248
6.2205,-0.110566492,-0.045531736,-0.023477799
6.23935,-0.11184063,-0.046096101,-0.023706914
6.2582,-0.11310866,-0.046659166,-0.023935431
6.27705,-0.114370567,-0.047221013,-0.024163437
6.2959,-0.115626338,-0.047781724,-0.024391019
6.31475,-0.11687596,-0.048341383,-0.024618262
6.3336,-0.11801104,-0.04890007,-0.024845252
6.35245,-0.119231116,-0.049457868,-0.025072075
6.3713,-0.120444663,-0.050014858,-0.025298815
6.39015,-0.121651678,-0.050571123,-0.025525556
6.409,-0.122852161,-0.051126741,-0.025752382
6.42785,-0.124046115,-0.051681796,-0.025979377
6.4467,-0.125233545,-0.052236366,-0.026206623
6.46555,-0.126414456,-0.052790531,-0.026434203
6.4844,-0.127588857,-0.053344373,-0.026662198
6.50325,-0.128756758,-0.053897969,-0.02689069
6.5221,-0.129918171,-0.054451398,-0.027119759
6.54095,-0.131073111,-0.05500474,-0.027349485
6.5598,-0.132221594,-0.055558072,-0.027579948
6.57865,-0.133363638,-0.056111472,-0.027811226
6.5975,-0.13449251,-0.056665017,-0.028043397
6.61635,-0.135695326,-0.057218784,-0.028276539
6.6352,-0.136891017,-0.057772849,-0.02851073
6.65405,-0.138079564,-0.058327287,-0.028746044
6.6729,-0.139260955,-0.058772018,-0.028982558
6.69175,-0.140435176,-0.05931065,-0.029220346
6.7106,-0.141602218,-0.058735993,-0.029459483
6.72945,-0.142762073,-0.059026694,-0.029700042
6.7483,-0.143914735,-0.059317117,-0.029987923
6.76715,-0.145060203,-0.059607379,-0.030233538
6.786,-0.146198475,-0.059897598,-0.030478214
6.80485,-0.147329554,-0.060187887,-0.030722019
6.8237,-0.148453443,-0.060478362,-0.030965022
6.84255,-0.149570148,-0.060769136,-0.03120729
6.8614,-0.150679679,-0.061060321,-0.031448889
6.88025,-0.151782046,-0.06135203,-0.031689887
6.8991,-0.152877262,-0.061751601,-0.031930348
6.91795,-0.153965343,-0.062188627,-0.032170337
6.9368,-0.155046305,-0.06262658,-0.032409919
6.95565,-0.156120169,-0.06306553,-0.032649157
6.9745,-0.157186957,-0.063505544,-0.032888113
6.99335,-0.158246692,-0.063946688,-0.03312685
7.0122,-0.159102591,-0.064389027,-0.033365429
7.03105,-0.160128599,-0.064832627,-0.03360391
7.0499,-0.160681176,-0.065277552,-0.033842354
7.06875,-0.161738088,-0.065723863,-0.034080818
7.0876,-0.162786933,-0.066171624,-0.034319362
7.10645,-0.163827685,-0.066620895,-0.034558043
7.1253,-0.164860319,-0.067071736,-0.034796916
7.14415,-0.165884811,-0.067524206,-0.035036039
7.163,-0.166901143,-0.067978363,-0.035275467
7.18185,-0.167909299,-0.068434264,-0.035515253
7.2007,-0.168909263,-0.069305789,-0.035791982
7.21955,-0.169901024,-0.069628912,-0.036008916
7.2384,-0.170884574,-0.069952134,-0.036226246
7.25725,-0.171859906,-0.070275547,-0.036444034
7.2761,-0.172827017,-0.07059924,-0.036662343
7.29495,-0.173785905,-0.070923302,-0.036881235
7.3138,-0.174736573,-0.071247821,-0.037100772
7.33265,-0.175679025,-0.071572885,-0.037321012
7.3515,-0.176613267,-0.071898578,-0.037555454
7.37035,-0.177539309,-0.072224986,-0.037772399
7.3892,-0.178457163,-0.072552191,-0.037987929
7.40805,-0.179366844,-0.071500877,-0.038202106
7.4269,-0.180190463,-0.071829327,-0.03841499
7.44575,-0.18109417,-0.072159406,-0.038626641
7.4646,-0.181987504,-0.072491192,-0.038837119
7.48345,-0.182870457,-0.07282476,-0.038373882
7.5023,-0.183743022,-0.073792047,-0.038528755
7.52115,-0.184605199,-0.074026298,-0.038684107
7.54,-0.185456987,-0.074260493,-0.038839994
7.55885,-0.18629839,-0.074494735,-0.038996469
7.5777,-0.187129416,-0.074729124,-0.039153585
7.59655,-0.188344824,-0.076278063,-0.039311395
7.6154,-0.189134861,-0.076672094,-0.039469949
7.63425,-0.189916375,-0.077027303,-0.039629299
7.6531,-0.190689368,-0.077382399,-0.039789492
7.67195,-0.191453849,-0.077737429,-0.039950578
7.6908,-0.192209824,-0.078092438,-0.040112605
7.70965,-0.192957307,-0.078447474,-0.040275618
7.7285,-0.193696309,-0.078802581,-0.040439662
7.74735,-0.194426849,-0.079157803,-0.040628077
7.7662,-0.195193564,-0.079513185,-0.04080325
7.78505,-0.195919687,-0.079443073,-0.04097813
7.8039,-0.196636758,-0.079751392,-0.041152759
7.82275,-0.197344771,-0.080060048,-0.041327182
7.8416,-0.198043722,-0.080369086,-0.041501439
7.86045,-0.19873361,-0.080678551,-0.041675572
7.8793,-0.199414438,-0.081891723,-0.041849621
7.89815,-0.20008621,-0.081958141,-0.042023626
7.917,-0.200748935,-0.082023074,-0.042197623
7.93585,-0.201402622,-0.082206581,-0.042371651
7.9547,-0.202047286,-0.082433861,-0.042545745
7.97355,-0.202682943,-0.082660992,-0.042719942
7.9924,-0.203309613,-0.082888031,-0.042894273
8.01125,-0.203927317,-0.083115033,-0.043068774
8.0301,-0.204536082,-0.083342051,-0.043090567
8.04895,-0.205135934,-0.083569139,-0.043209209
8.0678,-0.205726905,-0.083796347,-0.043327824
8.08665,-0.206279148,-0.083893639,-0.043446456
8.1055,-0.206893077,-0.084099393,-0.043565148
8.12435,-0.207496776,-0.084306362,-0.043683942
8.1432,-0.208090275,-0.084514598,-0.04380288
8.16205,-0.208710593,-0.084724153,-0.043922003
8.1809,-0.210461398,-0.084935076,-0.044041348
8.19975,-0.211011941,-0.085147414,-0.044178942
8.2186,-0.211551917,-0.085361213,-0.044320917
8.23745,-0.212081312,-0.08557652,-0.044461884
8.2563,-0.212600115,-0.085793377,-0.04460188
8.27515,-0.213108317,-0.086011826,-0.044740941
8.294,-0.213605912,-0.086231907,-0.044879105
8.31285,-0.2140929,-0.085427551,-0.045016404
8.3317,-0.21456928,-0.085663026,-0.045152874
8.35055,-0.215035057,-0.085901099,-0.045288546
8.3694,-0.215490239,-0.0861418,-0.045423453
8.38825,-0.215934835,-0.086385156,-0.045557626
8.4071,-0.216368859,-0.086631191,-0.045691094
8.42595,-0.216792328,-0.08687993,-0.045823886
8.4448,-0.217205262,-0.086993097,-0.04595603
8.46365,-0.217607683,-0.087151231,-0.046087553
8.4825,-0.217999617,-0.087311658,-0.046218482
8.50135,-0.218381093,-0.087474416,-0.046348839
8.5202,-0.218752144,-0.087639545,-0.046524604
8.53905,-0.219189836,-0.087807082,-0.046595967
8.5579,-0.219634942,-0.087977062,-0.046668048
8.57675,-0.220068989,-0.088149518,-0.046740874
8.5956,-0.220491958,-0.088324482,-0.046814465
8.61445,-0.220903835,-0.088501985,-0.046888845
8.6333,-0.221304607,-0.088682054,-0.046964034
8.65215,-0.221694268,-0.088864718,-0.047040051
8.671,-0.222072813,-0.089050001,-0.047116915
8.68985,-0.222440242,-0.089237927,-0.047194643
8.7087,-0.222796559,-0.088242281,-0.047273251
8.72755,-0.22314177,-0.091354414,-0.047352754
8.7464,-0.223491758,-0.091462473,-0.047433166
8.76525,-0.22383152,-0.091572221,-0.047514499
8.7841,-0.224161807,-0.091683682,-0.047596766
8.80295,-0.22448261,-0.091796882,-0.047679976
8.8218,-0.224793924,-0.091911843,-0.047764138
8.84065,-0.225095746,-0.092104078,-0.047849262
8.8595,-0.225388077,-0.092177983,-0.047866479
8.87835,-0.225959872,-0.092254214,-0.047914322
8.8972,-0.226233429,-0.092332794,-0.04796286
8.91605,-0.226495703,-0.092413745,-0.048012107
8.9349,-0.226746675,-0.092497086,-0.047864344
8.95375,-0.226986329,-0.092582836,-0.047885578
8.9726,-0.227214654,-0.09267101,-0.047907089
8.99145,-0.227431639,-0.092761623,-0.047928898
9.0103,-0.227637279,-0.092854687,-0.047951027
9.02915,-0.227831573,-0.092950212,-0.047973495
9.048,-0.228014521,-0.093048207,-0.047996322
9.06685,-0.228186128,-0.093148678,-0.048019525
9.0857,-0.228346402,-0.093251631,-0.048043121
9.10455,-0.228495355,-0.093135962,-0.048067126
9.1234,-0.228633001,-0.093182602,-0.048091554
9.14225,-0.228759359,-0.09323128,-0.048116418
9.1611,-0.22887445,-0.093282007,-0.048141732
9.17995,-0.229108123,-0.093334793,-0.048167505
9.1988,-0.229207209,-0.093389646,-0.048193747
9.21765,-0.228824816,-0.093446572,-0.048220468
9.2365,-0.22897053,-0.093505575,-0.048247676
9.25535,-0.229104398,-0.093566657,-0.048275375
9.2742,-0.229226389,-0.093629819,-0.048303573
9.29305,-0.229336479,-0.09369506,-0.048332273
9.3119,-0.229434643,-0.093762377,-0.048361477
9.33075,-0.229520863,-0.093831766,-0.048482455
9.3496,-0.229595123,-0.093972325,-0.04846854
9.36845,-0.229657411,-0.094078853,-0.048454003
9.3873,-0.229707718,-0.094187089,-0.048438846
9.40615,-0.22974604,-0.094297009,-0.048423074
9.425,-0.229772375,-0.094408592,-0.048406686
9.44385,-0.229786724,-0.094036869,-0.048389682
9.4627,-0.229789093,-0.093955037,-0.048372063
9.48155,-0.229779492,-0.093874263,-0.048353827
9.5004,-0.229757931,-0.093794566,-0.048334969
9.51925,-0.228722681,-0.093715962,-0.048315487
9.5381,-0.228763929,-0.093638468,-0.048295376
9.55695,-0.228796631,-0.093562097,-0.048274629
9.5758,-0.228820759,-0.093486863,-0.04825324
9.59465,-0.228836286,-0.093412776,-0.048231201
9.6135,-0.228843189,-0.093339847,-0.048208502
9.63235,-0.228841447,-0.093268086,-0.048146143
9.6512,-0.228831042,-0.093197498,-0.04813043
9.67005,-0.228263235,-0.09312809,-0.048114334
9.6889,-0.2281691,-0.093059866,-0.04809785
9.70775,-0.228062807,-0.093583886,-0.048080974
9.7266,-0.227944342,-0.093397106,-0.0480637
9.74545,-0.227813693,-0.093212081,-0.048046021
9.7643,-0.227670853,-0.093028831,-0.048027929
9.78315,-0.227515818,-0.092847376,-0.048009414
9.802,-0.227348589,-0.093008848,-0.047990467
9.82085,-0.227169169,-0.092917103,-0.048173546
9.8397,-0.226977566,-0.092827066,-0.048078229
9.85855,-0.22677379,-0.092738722,-0.047983205
9.8774,-0.226557857,-0.092652058,-0.04788847
9.89625,-0.226329785,-0.092567057,-0.047794021
9.9151,-0.226089596,-0.092483703,-0.04769985
9.93395,-0.224291493,-0.092401976,-0.047605952
9.9528,-0.22409256,-0.09243665,-0.047512318
9.97165,-0.223978188,-0.092464244,-0.047418939
9.9905,-0.223789011,-0.092494834,-0.047325805
10.00935,-0.223587813,-0.091037571,-0.047232906
10.0282,-0.223374558,-0.09090271,-0.047140228
10.04705,-0.223149213,-0.090767962,-0.047047758
10.0659,-0.222911751,-0.090633306,-0.046955483
10.08475,-0.222662145,-0.090498717,-0.046863386
10.1036,-0.222400376,-0.090364171,-0.046771451
10.12245,-0.222126425,-0.090229643,-0.046679661
10.1413,-0.221840277,-0.090095104,-0.046587995
10.16015,-0.221541923,-0.089960529,-0.046496436
10.179,-0.221231356,-0.089825887,-0.046404961
10.19785,-0.220908572,-0.089691149,-0.046313548
10.2167,-0.220573571,-0.089556284,-0.046222176
10.23555,-0.220226359,-0.089421259,-0.046130818
10.2544,-0.219866942,-0.089286042,-0.046039451
10.27325,-0.219495333,-0.089150599,-0.045948048
10.2921,-0.219111545,-0.089014894,-0.045856582
10.31095,-0.218215858,-0.088878892,-0.045765024
10.3298,-0.217144967,-0.088742555,-0.045673345
10.34865,-0.216747625,-0.088605845,-0.045581516
10.3675,-0.219381689,-0.088468723,-0.045488866
10.38635,-0.218875019,-0.088331149,-0.045392989
10.4052,-0.218357609,-0.088462934,-0.045298156
10.42405,-0.217829462,-0.088208327,-0.045204344
10.4429,-0.21729058,-0.087954358,-0.045111529
10.46175,-0.21674097,-0.087701008,-0.045019684
10.4806,-0.216180643,-0.087448262,-0.044928783
10.49945,-0.215609611,-0.08736842,-0.044838797
10.5183,-0.215027891,-0.087210449,-0.044749699
10.53715,-0.2144355,-0.087053173,-0.044661458
10.556,-0.213832462,-0.086896545,-0.044574043
10.57485,-0.213218801,-0.086740518,-0.044487422
10.5937,-0.212594546,-0.086585044,-0.044401563
10.61255,-0.211959728,-0.086574938,-0.044316432
10.6314,-0.211314381,-0.086286595,-0.044231995
10.65025,-0.210658544,-0.085998886,-0.044148214
10.6691,-0.209992255,-0.085711784,-0.044065055
10.68795,-0.20931556,-0.085425255,-0.043982478
10.7068,-0.208788597,-0.085139268,-0.043900447
10.72565,-0.208125376,-0.084853789,-0.04381892
10.7445,-0.207454195,-0.084568783,-0.043737857
10.76335,-0.206395182,-0.084284214,-0.043657218
10.7822,-0.205822595,-0.084000046,-0.04357696
10.80105,-0.205239649,-0.08371624,-0.043497039
10.8199,-0.204646313,-0.083432756,-0.043417412
10.83875,-0.204042557,-0.083149555,-0.043162561
10.8576,-0.203428356,-0.082866594,-0.042992666
10.87645,-0.202803685,-0.082583832,-0.042822003
10.8953,-0.202168524,-0.082301224,-0.042650528
10.91415,-0.201522855,-0.082018726,-0.042478197
10.933,-0.200866664,-0.081736292,-0.042304964
10.95185,-0.200199939,-0.081453876,-0.042130782
10.9707,-0.19952267,-0.081725144,-0.041955603
10.98955,-0.198834852,-0.081380483,-0.041779377
11.0084,-0.198136482,-0.081043362,-0.041602057
11.02725,-0.197427559,-0.080707469,-0.041423589
11.0461,-0.196708087,-0.080372765,-0.041243924
11.06495,-0.195978071,-0.080039214,-0.041063007
11.0838,-0.19523752,-0.079706775,-0.040880785
11.10265,-0.193783227,-0.079375408,-0.040697204
11.1215,-0.19310824,-0.079045071,-0.040512207
11.14035,-0.192424911,-0.078613066,-0.040330004
11.1592,-0.191733221,-0.078258047,-0.040147831
11.17805,-0.19103315,-0.077905113,-0.03996666
11.1969,-0.190324683,-0.077554214,-0.039786442
11.21575,-0.189480625,-0.0772053,-0.039607129
11.2346,-0.188662005,-0.076858317,-0.039428669
11.25345,-0.187835705,-0.076513213,-0.039251011
11.2723,-0.187001715,-0.076169932,-0.039074104
11.29115,-0.18616003,-0.075828417,-0.038897895
11.31,-0.185310646,-0.075488611,-0.038722328
11.32885,-0.184453562,-0.075150454,-0.038547351
11.3477,-0.183588779,-0.074813886,-0.038372906
11.36655,-0.182716301,-0.074478845,-0.038198939
11.3854,-0.181836134,-0.074145267,-0.038025391
11.40425,-0.18071903,-0.073813088,-0.037852205
11.4231,-0.179929617,-0.074207156,-0.037679322
11.44195,-0.179129415,-0.073842049,-0.037506682
11.4608,-0.178318381,-0.073478961,-0.037334224
11.47965,-0.177496472,-0.072587611,-0.037161888
11.4985,-0.176663652,-0.072401345,-0.036989612
11.51735,-0.175819884,-0.072155172,-0.036817332
11.5362,-0.174965137,-0.071910632,-0.036644986
11.55505,-0.174099381,-0.070530339,-0.036472509
11.5739,-0.173222591,-0.07006985,-0.036299836
11.59275,-0.172334745,-0.069610581,-0.036126901
11.6116,-0.171435821,-0.069152481,-0.035953638
11.63045,-0.170525803,-0.0686955,-0.035779981
11.6493,-0.169604678,-0.068239584,-0.03560586
11.66815,-0.168672435,-0.067784679,-0.035431208
11.687,-0.167729067,-0.067330731,-0.035255957
11.70585,-0.16677457,-0.066877684,-0.035080035
11.7247,-0.165808942,-0.06642548,-0.034903374
11.74355,-0.164982009,-0.065974062,-0.034725901
11.7624,-0.163911213,-0.06552337,-0.034547547
11.78125,-0.162833403,-0.065073344,-0.034368238
11.8001,-0.161748584,-0.064623922,-0.034187902
11.81895,-0.160656763,-0.064175043,-0.034006467
11.8378,-0.159557952,-0.063726644,-0.033823859
11.85665,-0.158452161,-0.063278658,-0.033640003
11.8755,-0.157339404,-0.062831022,-0.033454826
11.89435,-0.156219697,-0.06238367,-0.033268252
11.9132,-0.15509306,-0.061936533,-0.033080207
11.93205,-0.153959511,-0.061489544,-0.032890614
11.9509,-0.152819074,-0.061042633,-0.032842259
11.96975,-0.151671774,-0.060595731,-0.032888972
11.9886,-0.150517638,-0.060148766,-0.032616658
12.00745,-0.149356695,-0.059701668,-0.032345224
12.0263,-0.148188976,-0.061186562,-0.032074602
12.04515,-0.147257795,-0.060643251,-0.031804728
12.064,-0.146135401,-0.060103022,-0.031535533
12.08285,-0.145007893,-0.059565837,-0.031266951
12.1017,-0.143875261,-0.058818308,-0.030998912
12.12055,-0.142737497,-0.058408694,-0.030731349
12.1394,-0.141594596,-0.058001397,-0.03046419
12.15825,-0.140446554,-0.058022526,-0.030197364
12.1771,-0.139293369,-0.056990029,-0.029930802
12.19595,-0.138135041,-0.056505929,-0.029664431
12.2148,-0.136971574,-0.056827608,-0.029398177
12.23365,-0.135802971,-0.056439009,-0.029131968
12.2525,-0.134629238,-0.056053489,-0.02886573
12.27135,-0.133450383,-0.055670946,-0.028599388
12.2902,-0.132266417,-0.055291276,-0.028332866
12.30905,-0.131077352,-0.054914372,-0.02806609
12.3279,-0.129883203,-0.054540127,-0.027798981
12.34675,-0.128683985,-0.054168433,-0.027531462
12.3656,-0.127479717,-0.051015772,-0.027263457
12.38445,-0.126416612,-0.05054796,-0.026994886
12.4033,-0.125257241,-0.050081533,-0.026725671
12.42215,-0.124090414,-0.049616396,-0.026455732
12.441,-0.12291612,-0.049152455,-0.026184988
12.45985,-0.121419845,-0.048689612,-0.02591336
12.4787,-0.12018101,-0.04822777,-0.025640765
12.49755,-0.118937091,-0.048236594,-0.025367122
12.5164,-0.11768808,-0.047752341,-0.025092349
12.53525,-0.116433973,-0.04726773,-0.024816364
12.5541,-0.115174764,-0.046782658,-0.024539082
12.57295,-0.113910452,-0.046297024,-0.02426042
12.5918,-0.112641035,-0.045810724,-0.023980294
12.61065,-0.111366514,-0.045024592,-0.023698619
12.6295,-0.110086892,-0.044500286,-0.023415311
12.64835,-0.108802171,-0.043977411,-0.023130284
12.6672,-0.107512358,-0.043455873,-0.022843452
12.68605,-0.10621746,-0.042935575,-0.022554729
12.7049,-0.104917485,-0.042416421,-0.022264029
12.72375,-0.103612445,-0.041898314,-0.021971265
12.7426,-0.102291108,-0.041381156,-0.02167635
12.76145,-0.101034211,-0.040864847,-0.021348791
12.7803,-0.099773402,-0.040349289,-0.021062263
12.79915,-0.09850867,-0.039834379,-0.020776707
12.818,-0.097240005,-0.039320018,-0.020492024
12.83685,-0.095967398,-0.038806103,-0.020208116
12.8557,-0.094690842,-0.038566679,-0.019916081
12.87455,-0.093410329,-0.038089124,-0.019636257
12.8934,-0.092125855,-0.037610089,-0.01935683
12.91225,-0.090837415,-0.037129459,-0.01907772
12.9311,-0.089545006,-0.03653522,-0.018798846
12.94995,-0.088466142,-0.035965766,-0.018520125
12.9688,-0.087159716,-0.035397667,-0.018241476
12.98765,-0.085848406,-0.034830837,-0.017962815
13.0065,-0.084532196,-0.034265187,-0.017684059
13.02535,-0.083211071,-0.033700631,-0.017405126
13.0442,-0.081885019,-0.033137078,-0.01712593
13.06305,-0.080554028,-0.032574442,-0.016846388
13.0819,-0.079218087,-0.032012632,-0.016566415
13.10075,-0.077877188,-0.03145156,-0.016285926
13.1196,-0.076531323,-0.030891136,-0.016004835
13.13845,-0.075180489,-0.030331269,-0.015723056
13.1573,-0.07382468,-0.029771871,-0.015440503
13.17615,-0.072463895,-0.02921285,-0.015157091
13.195,-0.071098132,-0.028654116,-0.014872731
13.21385,-0.069727394,-0.028095579,-0.014587338
13.2327,-0.068351683,-0.02794112,-0.014300823
13.25155,-0.06729132,-0.027359648,-0.0140131
13.2704,-0.065882965,-0.026777941,-0.013682589
13.28925,-0.064472339,-0.026195903,-0.01337855
13.3081,-0.063059438,-0.025613439,-0.013075906
13.32695,-0.061644258,-0.025030452,-0.012774572
13.3458,-0.060226795,-0.024446846,-0.012474465
13.36465,-0.058807048,-0.023862524,-0.0121755
13.3835,-0.057385013,-0.023277389,-0.011877594
13.40235,-0.055960691,-0.023203043,-0.011580663
13.4212,-0.054534079,-0.022537802,-0.01128462
13.44005,-0.053105179,-0.022116124,-0.010989381
13.4589,-0.051673992,-0.021502868,-0.010694861
13.47775,-0.050240518,-0.020887517,-0.010400974
13.4966,-0.04880476,-0.020269943,-0.010107633
13.51545,-0.047366722,-0.019650016,-0.009814754
13.5343,-0.045926407,-0.019027609,-0.009522249
13.55315,-0.04448382,-0.018569782,-0.009230032
13.572,-0.043038967,-0.017939826,-0.008938016
13.59085,-0.041591854,-0.017610663,-0.008646114
13.6097,-0.040142489,-0.01702328,-0.008354239
13.62855,-0.03869088,-0.016435766,-0.008062305
13.6474,-0.037190257,-0.015279067,-0.007770223
13.66625,-0.035433103,-0.01471312,-0.007477906
13.6851,-0.034022815,-0.014147937,-0.007185267
13.70395,-0.032612272,-0.0135834,-0.006892218
13.7228,-0.031201455,-0.013019387,-0.006598671
13.74165,-0.029790343,-0.012455778,-0.00630454
13.7605,-0.028378917,-0.011892451,-0.006210463
13.77935,-0.026967156,-0.011329286,-0.005861054
13.7982,-0.025555041,-0.010766162,-0.005510749
13.81705,-0.024142553,-0.010202956,-0.005159454
13.8359,-0.02272967,-0.009639549,-0.004807076
13.85475,-0.021316375,-0.009075817,-0.004453521
13.8736,-0.019902645,-0.008511641,-0.004172819
13.89245,-0.018488463,-0.007946898,-0.003864077
13.9113,-0.017073809,-0.007381467,-0.003557035
13.93015,-0.015658663,-0.006815226,-0.003251595
13.949,-0.014377698,-0.006248055,-0.002947662
13.96785,-0.012953198,-0.005679832,-0.002645141
13.9867,-0.011527655,-0.005110435,-0.002343936
14.00555,-0.01010108,-0.004539744,-0.00204395
14.0244,-0.008673484,-0.003967638,-0.001745087
14.04325,-0.00724488,-0.003393996,-0.001447251
14.0621,-0.005815279,-0.00258846,-0.001150344
14.08095,-0.004384695,-0.001973172,-0.00085427
14.0998,-0.00295314,-0.001358677,-0.000558932
14.11865,-0.001520628,-0.000744863,-0.000264234
14.1375,-8.72E-05,-0.000131621,2.99E-05
14.15635,0.001974082,0.000307333,0.000323635
14.1752,0.003385052,0.000934281,0.000617
14.19405,0.004795389,0.001560967,0.000910114
14.2129,0.006205091,0.002187486,0.001203075
14.23175,0.007614159,0.002813932,0.00149598
14.2506,0.009022591,0.003440402,0.001788926
14.26945,0.010430389,0.004066991,0.002082012
14.2883,0.011837554,0.004693796,0.002375332
14.30715,0.013244085,0.005320911,0.002668986
14.326,0.014649984,0.005948432,0.00296307
14.34485,0.016055254,0.006576456,0.00325768
14.3637,0.017459894,0.007205077,0.003552914
14.38255,0.018863908,0.007834391,0.003848868
14.4014,0.020267298,0.008464493,0.004145639
14.42025,0.021670066,0.008819085,0.004443323
14.4391,0.023072214,0.009484624,0.004742016
14.45795,0.024473745,0.010148504,0.005041815
14.4768,0.025874663,0.010810812,0.005342815
14.49565,0.027274969,0.011471636,0.005645112
14.5145,0.028674668,0.012131065,0.005948802
14.53335,0.030061981,0.012789186,0.006253978
14.5522,0.031507986,0.013446089,0.006560737
14.57105,0.032951913,0.014101862,0.006833118
14.5899,0.034393745,0.014756592,0.007182475
14.60875,0.03570156,0.01541037,0.007530681
14.6276,0.037097853,0.016063282,0.00787783
14.64645,0.03849207,0.016715418,0.008224017
14.6653,0.03988421,0.017366867,0.008569334
14.68415,0.041274274,0.018017716,0.008913876
14.703,0.042662264,0.018668053,0.009257734
14.72185,0.044048181,0.019317968,0.009601004
14.7407,0.045432029,0.019967548,0.009943776
14.75955,0.046813811,0.02061688,0.010230914
14.7784,0.048193532,0.019863602,0.010500161
14.79725,0.049571198,0.02037136,0.010768339
14.8161,0.050946813,0.020879835,0.01103554
14.83495,0.052320385,0.021389136,0.011301858
14.8538,0.053691921,0.021930151,0.011567385
14.87265,0.05509169,0.022457771,0.011832217
14.8915,0.056506249,0.022985131,0.012096444
14.91035,0.05791836,0.023512332,0.012360161
14.9292,0.059328015,0.024039477,0.012623461
14.94805,0.060735206,0.024566665,0.012886435
14.9669,0.062109953,0.025093998,0.013149178
14.98575,0.063476439,0.025621574,0.013411781
15.0046,0.064838367,0.026149494,0.013674336
15.02345,0.066195738,0.026677858,0.013936936
15.0423,0.06754855,0.027206764,0.014199672
15.06115,0.069626442,0.02773631,0.014462637
15.08,0.070954221,0.028266596,0.01472592
15.09885,0.072278612,0.029224182,0.014989614
15.1177,0.073599624,0.029787043,0.01525381
15.13655,0.074917267,0.030350932,0.015518597
15.1554,0.076231551,0.030915946,0.015784066
15.17425,0.077542489,0.031482181,0.016050306
15.1931,0.078850094,0.032049732,0.016317408
15.21195,0.080154381,0.032552386,0.016585461
15.2308,0.081455364,0.033139559,0.016854552
15.24965,0.083135769,0.033725366,0.017124771
15.2685,0.084462774,0.033564858,0.017396206
15.28735,0.085787619,0.034099786,0.017668944
15.3062,0.087110307,0.034633842,0.017943073
15.32505,0.088430837,0.035167121,0.018218679
15.3439,0.089749214,0.03569972,0.018495848
15.36275,0.091065441,0.036231734,0.018774666
15.3816,0.092379524,0.036763257,0.019055219
15.40045,0.094076052,0.037294385,0.019361588
15.4193,0.095317575,0.037825209,0.019658744
15.43815,0.096553527,0.038355825,0.019954426
15.457,0.097783926,0.038886324,0.020248716
15.47585,0.099008796,0.039416799,0.020541697
15.4947,0.10022816,0.03994734,0.020833449
15.51355,0.101442044,0.040478039,0.021124054
15.5324,0.102650474,0.041008987,0.021413591
15.55125,0.10385348,0.041540272,0.021702141
15.5701,0.105051091,0.042071983,0.021989784
15.58895,0.106256681,0.042604209,0.022276598
15.6078,0.107560784,0.043137038,0.022562662
15.62665,0.108859919,0.043670555,0.022848054
15.6455,0.110154071,0.044204848,0.023132853
15.66435,0.111443223,0.044740001,0.023417133
15.6832,0.112727362,0.047678504,0.023700973
15.70205,0.114006476,0.048175379,0.023984448
15.7209,0.115280556,0.04786792,0.024267634
15.73975,0.116549593,0.048281908,0.024550604
15.7586,0.117813582,0.048695782,0.024833434
15.77745,0.119072517,0.047132,0.025116197
15.7963,0.120326397,0.04750222,0.025398965
15.81515,0.121575221,0.048988223,0.025681812
15.834,0.122818989,0.049696267,0.025964808
15.85285,0.124057705,0.050161503,0.026248026
15.8717,0.125291373,0.05062698,0.026531534
15.89055,0.12652,0.051092777,0.026815404
15.9094,0.127743593,0.051558975,0.027099703
15.92825,0.128962161,0.052025651,0.027384501
15.9471,0.130175718,0.052492885,0.027669865
15.96595,0.131384274,0.052960752,0.027955861
15.9848,0.132587845,0.053429331,0.027712336
16.00365,0.133786447,0.053898695,0.028003977
16.0225,0.1352685,0.054368921,0.028297152
16.04135,0.136401417,0.054840083,0.028597407
16.0602,0.137525275,0.055312253,0.028864898
16.07905,0.138640083,0.055785505,0.0291305
16.0979,0.139745851,0.05625991,0.029760183
16.11675,0.140842592,0.056735539,0.029956432
16.1356,0.141930325,0.057212461,0.030152057
16.15445,0.14307099,0.057690746,0.030347135
16.1733,0.144232105,0.058170461,0.030541743
16.19215,0.145385271,0.058651674,0.030735957
16.211,0.146530461,0.059134452,0.030929853
16.22985,0.147667651,0.059618858,0.031123505
16.2487,0.148796818,0.060104958,0.031316988
16.26755,0.149917943,0.060592815,0.031510377
16.2864,0.15103101,0.06108249,0.031703744
16.30525,0.152136003,0.061574046,0.031897162
16.3241,0.153232911,0.062067543,0.032090704
16.34295,0.154321725,0.063728655,0.03228444
16.3618,0.155402438,0.065006179,0.032478443
16.38065,0.156475044,0.065467874,0.032672781
16.3995,0.157539543,0.065932801,0.032867525
16.41835,0.158595934,0.066401018,0.033062743
16.4372,0.15964422,0.066872578,0.033258504
16.45605,0.160684406,0.067347534,0.033454875
16.4749,0.161716501,0.067825939,0.033651922
16.49375,0.162740514,0.068307844,0.033849713
16.5126,0.163756457,0.068793296,0.034048311
16.53145,0.164764346,0.069268217,0.034247782
16.5503,0.165764197,0.069757553,0.034448189
16.56915,0.166756029,0.070246597,0.034649595
16.588,0.167739865,0.070735406,0.034852063
16.60685,0.168715729,0.071224035,0.035055653
16.6257,0.169683646,0.071712537,0.035260426
16.64455,0.170442452,0.072200967,0.035466442
16.6634,0.1714106,0.072689378,0.035673759
16.68225,0.17236842,0.073177823,0.035882437
16.7011,0.173315905,0.073477214,0.036119736
16.71995,0.174253049,0.073940356,0.036334082
16.7388,0.17517985,0.074158612,0.03654756
16.75765,0.176096309,0.074472163,0.036760229
16.7765,0.177002431,0.074783446,0.036972147
16.79535,0.177898221,0.075092541,0.037183373
16.8142,0.17878369,0.07539953,0.037393964
16.83305,0.17965885,0.075704496,0.037603975
16.8519,0.180523717,0.07600752,0.037813463
16.87075,0.181378311,0.076308681,0.038022481
16.8896,0.182222652,0.076608061,0.038231084
16.90845,0.182162516,0.076905738,0.038439324
16.9273,0.183045683,0.078283285,0.038647254
16.94615,0.183919217,0.07853572,0.038854924
16.965,0.184783099,0.078791316,0.039062386
16.98385,0.185637317,0.07905015,0.039269688
17.0027,0.186481859,0.079312295,0.039476881
17.02155,0.187316714,0.079577824,0.03968401
17.0404,0.188141878,0.079846808,0.039891124
17.05925,0.188957346,0.080119314,0.040055865
17.0781,0.189763117,0.080395411,0.040250771
17.09695,0.190559193,0.080675164,0.040312373
17.1158,0.191345578,0.080221404,0.040444659
17.13465,0.192122278,0.080595238,0.040577349
17.1535,0.192889302,0.080971835,0.040710497
17.17235,0.193646663,0.080352152,0.040844154
17.1912,0.194394373,0.080589071,0.040978372
17.21005,0.19611533,0.080825479,0.041113201
17.2289,0.196864269,0.081061453,0.041248691
17.24775,0.197605693,0.081297066,0.041384888
17.2666,0.198309791,0.081532392,0.041521841
17.28545,0.198986094,0.081767505,0.041659596
17.3043,0.199653908,0.082002476,0.041798198
17.32315,0.20031323,0.081416194,0.04193769
17.342,0.200964062,0.081632198,0.042078117
17.36085,0.201349826,0.08184538,0.042219519
17.3797,0.202081105,0.082055808,0.042361939
17.39855,0.202801982,0.082263548,0.042505414
17.4174,0.203512444,0.082468668,0.042649985
17.43625,0.204212482,0.082671233,0.04279569
17.4551,0.204902088,0.083454827,0.042830688
17.47395,0.205581259,0.083703331,0.042960578
17.4928,0.206249993,0.083951327,0.043090552
17.51165,0.206908293,0.084198868,0.043220649
17.5305,0.207556163,0.084446007,0.043350905
17.54935,0.208193612,0.084692793,0.043481358
17.5682,0.20882065,0.084939277,0.043612042
17.58705,0.209271398,0.085185509,0.043742991
17.6059,0.209855784,0.085431535,0.04387424
17.62475,0.210427556,0.085677402,0.044005821
17.6436,0.210986707,0.085923155,0.044137766
17.66245,0.211533232,0.08616884,0.044270106
17.6813,0.212067133,0.086414499,0.04440287
17.70015,0.212588414,0.086660175,0.044536089
17.719,0.213097084,0.086905908,0.044464517
17.73785,0.213593154,0.085602715,0.044579141
17.7567,0.214173897,0.085797218,0.044693869
17.77555,0.214675415,0.085993045,0.044808731
17.7944,0.215166775,0.086190233,0.044923761
17.81325,0.215647965,0.086388815,0.045038989
17.8321,0.216118976,0.086588827,0.045154445
17.85095,0.216579799,0.0867903,0.045270157
17.8698,0.217030431,0.087849335,0.045386152
17.88865,0.217470872,0.08789148,0.045502457
17.9075,0.217901124,0.087932929,0.045619096
17.92635,0.218321191,0.087973748,0.045736093
17.9452,0.218731084,0.088429357,0.04585347
17.96405,0.219130812,0.088610319,0.045971249
17.9829,0.219520391,0.088792889,0.045994095
18.00175,0.219899838,0.088977094,0.046077231
18.0206,0.220269174,0.089301954,0.046160428
18.03945,0.220628423,0.089448702,0.046243713
18.0583,0.220991456,0.089596153,0.046327112
18.07715,0.221384552,0.089744336,0.046410651
18.096,0.221765417,0.089893278,0.046494354
18.11485,0.222134042,0.090043003,0.046578245
18.1337,0.222490417,0.090193537,0.046662346
18.15255,0.222834538,0.090344901,0.046746678
18.1714,0.223166404,0.090497117,0.046831261
18.19025,0.223486016,0.090650206,0.046916115
18.2091,0.22379338,0.090797065,0.047001258
18.22795,0.224088502,0.091060107,0.047086706
18.2468,0.224371396,0.091324691,0.047172475
18.26565,0.224642074,0.091590803,0.04725858
18.2845,0.224900556,0.091985416,0.047345036
18.30335,0.225146861,0.092056345,0.047431854
18.3222,0.224175725,0.092126605,0.047519047
18.34105,0.224439061,0.092196223,0.047606625
18.3599,0.224689427,0.092265222,0.048086481
18.37875,0.224926815,0.092333624,0.048136535
18.3976,0.225544877,0.092401451,0.048186033
18.41645,0.225762077,0.092468723,0.048234987
18.4353,0.225969128,0.09253546,0.048283408
18.45415,0.226165989,0.09260168,0.048331305
18.473,0.226352622,0.092667401,0.048378687
18.49185,0.226528994,0.09273264,0.048362543
18.5107,0.226695074,0.09279741,0.048404853
18.52955,0.226850832,0.092861728,0.048446258
18.5484,0.226996246,0.091928675,0.048486774
18.56725,0.227131293,0.0920193,0.048660356
18.5861,0.227255955,0.092355074,0.048620697
18.60495,0.227370217,0.092378262,0.048580734
18.6238,0.227474067,0.092402419,0.048540489
18.64265,0.227567497,0.092427556,0.048499981
18.6615,0.227650502,0.092453684,0.048459228
18.68035,0.227723079,0.092480812,0.04841825
18.6992,0.227785231,0.092508948,0.048377062
18.71805,0.22783696,0.092538099,0.048335681
18.7369,0.227878276,0.092568269,0.048294122
18.75575,0.227909189,0.092599461,0.0482524
18.7746,0.227929714,0.092631678,0.048210526
18.79345,0.227939868,0.092664921,0.048168515
18.8123,0.227939671,0.092699189,0.048126376
18.83115,0.227929149,0.09273448,0.048084121
18.85,0.227908327,0.09277079,0.048041758
