Distance [mm],B_phi [],B_phi_1 [],B_phi_2 []
0,1.00E-05,0.000149922,-0.000107318
0.01885,0.001155036,0.000946977,0.000387647
0.0377,0.002301546,0.002297912,0.000881983
0.05655,0.003449625,0.002992212,0.001375766
0.0754,0.004760063,0.003684329,0.001869068
0.09425,0.00592004,0.004374412,0.002361962
0.1131,0.007077884,0.00506261,0.002854524
0.13195,0.007815189,0.005094715,0.003346826
0.1508,0.00893668,0.005755012,0.003838943
0.16965,0.010057836,0.006415169,0.004330949
0.1885,0.011178701,0.007075334,0.004822918
0.20735,0.012299319,0.007735656,0.005314925
0.2262,0.013419734,0.008230373,0.005807045
0.24505,0.014539992,0.009063401,0.006299354
0.2639,0.015660138,0.009897457,0.006791927
0.28275,0.016780217,0.010732629,0.007284839
0.3016,0.017900277,0.011569005,0.007778166
0.32045,0.019020364,0.012406675,0.008469374
0.3393,0.020140523,0.013245728,0.008943941
0.35815,0.021260803,0.014086253,0.0094183
0.377,0.02238125,0.014928338,0.009892526
0.39585,0.023501911,0.015772073,0.010366691
0.4147,0.024622832,0.016617546,0.010840868
0.43355,0.025744061,0.017464847,0.011315131
0.4524,0.026865642,0.018314064,0.011789553
0.47125,0.027987623,0.019165287,0.012264207
0.4901,0.029110049,0.019402523,0.012739165
0.50895,0.02963927,0.020220516,0.0132145
0.5278,0.030764306,0.021040672,0.013690286
0.54665,0.031886639,0.021863185,0.014166594
0.5655,0.033006319,0.022898593,0.014104183
0.58435,0.034123391,0.021818527,0.014614337
0.6032,0.035237906,0.022626492,0.015124326
0.62205,0.036349912,0.023434049,0.015634229
0.6409,0.037459459,0.024241389,0.016144126
0.65975,0.038566597,0.025048705,0.016654095
0.6786,0.039671376,0.025856189,0.017164214
0.69745,0.040773846,0.026664032,0.017674564
0.7163,0.041874057,0.027472429,0.018185223
0.73515,0.04297206,0.028281571,0.018696271
0.754,0.045969717,0.030498688,0.019207788
0.77285,0.047158161,0.031288588,0.020041433
0.7917,0.048344868,0.032079222,0.020528909
0.81055,0.049529822,0.03287078,0.021016298
0.8294,0.050713008,0.032585802,0.021503678
0.84825,0.049667492,0.033390792,0.021991126
0.8671,0.050776908,0.034193516,0.022478718
0.88595,0.051882543,0.034994071,0.022966532
0.9048,0.052984384,0.03579255,0.023454645
0.92365,0.054082417,0.036589051,0.023943133
0.9425,0.055283153,0.037383668,0.024432073
0.96135,0.056298168,0.038176498,0.024787446
0.9802,0.057310996,0.038967638,0.025226324
0.99905,0.058321688,0.039757185,0.025664337
1.0179,0.059330298,0.040545236,0.026101557
1.03675,0.060336879,0.042215931,0.026538053
1.0556,0.061341483,0.042983251,0.026973899
1.07445,0.062344165,0.041515239,0.027409164
1.0933,0.063344979,0.042245604,0.027843921
1.11215,0.064343978,0.042974495,0.028278241
1.131,0.065341216,0.043702034,0.028712196
1.14985,0.066336749,0.044428345,0.029145859
1.1687,0.06733063,0.045153548,0.029579301
1.18755,0.06842704,0.045877767,0.030012596
1.2064,0.069477289,0.046601124,0.030445816
1.22525,0.070520731,0.047323741,0.030879034
1.2441,0.071557399,0.048045741,0.031312325
1.26295,0.072587325,0.048767247,0.031745762
1.2818,0.073610544,0.049488382,0.03217942
1.30065,0.074627091,0.050209268,0.032613372
1.3195,0.075637003,0.05093003,0.033047695
1.33835,0.076640314,0.051650791,0.033772742
1.3572,0.077637062,0.052371674,0.034224886
1.37605,0.079614903,0.053092803,0.034677109
1.3949,0.080640179,0.053814304,0.035129478
1.41375,0.081658019,0.05183427,0.035582059
1.4326,0.08266848,0.054622764,0.036034919
1.45145,0.083671618,0.0552951,0.036488125
1.4703,0.084667489,0.055966439,0.036941742
1.48915,0.085010449,0.056636892,0.037395838
1.508,0.08603422,0.057306571,0.037850479
1.52685,0.087050532,0.058588141,0.038305732
1.5457,0.08805942,0.059219437,0.038761665
1.56455,0.08906092,0.059848437,0.039218344
1.5834,0.09005507,0.060475251,0.039675837
1.60225,0.091041907,0.061099985,0.040134212
1.6211,0.092021469,0.061722751,0.040593535
1.63995,0.092993797,0.062343655,0.040767666
1.6588,0.093958929,0.061431439,0.041142019
1.67765,0.094916907,0.063787606,0.041515485
1.6965,0.095867772,0.063556144,0.041888131
1.71535,0.096811564,0.06423869,0.042260023
1.7342,0.097748327,0.064919783,0.042631227
1.75305,0.098678101,0.065599575,0.043001811
1.7719,0.100058048,0.06627822,0.043371841
1.79075,0.099927794,0.06695587,0.043741384
1.8096,0.100976618,0.067632679,0.044110508
1.82845,0.102016613,0.068308799,0.04447928
1.8473,0.103047777,0.068984386,0.044847768
1.86615,0.10407011,0.069659594,0.045216041
1.885,0.105083613,0.070334579,0.045584167
1.90385,0.106088286,0.071009495,0.046166266
1.9227,0.107084132,0.0716845,0.046558835
1.94155,0.108071156,0.072359751,0.046952095
1.9604,0.109049361,0.073035404,0.047346104
1.97925,0.110018754,0.073711619,0.047740917
1.9981,0.11097934,0.074388553,0.04813659
2.01695,0.111931128,0.075066367,0.048533178
2.0358,0.112874125,0.075745221,0.048930738
2.05465,0.11380834,0.073992809,0.049329326
2.0735,0.114733784,0.074513336,0.049728999
2.09235,0.115650465,0.075032575,0.050129813
2.1112,0.116558395,0.075550694,0.050531825
2.13005,0.117457585,0.076067859,0.050935093
2.1489,0.118348047,0.079978239,0.051339674
2.16775,0.117270936,0.080655307,0.051745626
2.1866,0.118139898,0.081334912,0.052153007
2.20545,0.118998976,0.08201718,0.052781324
2.2243,0.119848179,0.08080554,0.053098644
2.24315,0.120687517,0.081331235,0.05341565
2.262,0.121517002,0.081854256,0.053732396
2.28085,0.122336647,0.082374707,0.054048936
2.2997,0.123146464,0.08289269,0.054365324
2.31855,0.12394647,0.083408311,0.054681614
2.3374,0.124736678,0.083921672,0.05499786
2.35625,0.125517105,0.084432879,0.055314116
2.3751,0.126756633,0.084942035,0.055630436
2.39395,0.127636639,0.085449245,0.055946875
2.4128,0.1285061,0.085954616,0.056263486
2.43165,0.12936503,0.08645825,0.056580324
2.4505,0.130213445,0.086960255,0.056897444
2.46935,0.131051361,0.087460737,0.0572149
2.4882,0.131878797,0.0879598,0.057532748
2.50705,0.132695771,0.088457553,0.057851043
2.5259,0.133502305,0.088954102,0.058169839
2.54475,0.134298421,0.089449553,0.058489192
2.5636,0.135084142,0.089944016,0.058809159
2.58245,0.135859492,0.090437597,0.059129794
2.6013,0.136624497,0.090930405,0.059451154
2.62015,0.137379183,0.091422548,0.059773296
2.639,0.138123579,0.09150994,0.060096275
2.65785,0.138857712,0.091970601,0.060420149
2.6767,0.139581613,0.092429669,0.060744975
2.69555,0.139949441,0.09288723,0.06107081
2.7144,0.140642718,0.093343373,0.061397712
2.73325,0.141326499,0.093798186,0.061725739
2.7521,0.142000799,0.094251756,0.06205495
2.77095,0.142665635,0.094704173,0.062385403
2.7898,0.143321024,0.095155527,0.062717157
2.80865,0.143966986,0.095804348,0.063050271
2.8275,0.14460354,0.096495634,0.063384806
2.84635,0.145230707,0.096883331,0.063720821
2.8652,0.145848506,0.099134515,0.064058377
2.88405,0.146456961,0.099514868,0.064585411
2.9029,0.147056094,0.099889419,0.064871698
2.92175,0.148397404,0.097434261,0.064974527
2.9406,0.149042935,0.097906915,0.065202492
2.95945,0.149678993,0.098378626,0.065402993
2.9783,0.150305582,0.100157278,0.065628324
2.99715,0.150922706,0.100550501,0.065853246
3.016,0.151530372,0.100942542,0.066077783
3.03485,0.152128584,0.101333467,0.066301956
3.0537,0.150596346,0.101723345,0.066525791
3.07255,0.151268843,0.102112243,0.06674931
3.0914,0.151928927,0.102500229,0.066972537
3.11025,0.152576588,0.102887371,0.067195496
3.1291,0.15321182,0.103273739,0.067418211
3.14795,0.153834617,0.103659404,0.067640706
3.1668,0.154444975,0.104044434,0.067863007
3.18565,0.155042892,0.104428902,0.068085137
3.2045,0.155628366,0.10481288,0.068307122
3.22335,0.156201397,0.105196439,0.068528988
3.2422,0.156761988,0.105579653,0.068750758
3.26105,0.157904516,0.105962596,0.06897246
3.2799,0.158511896,0.106345341,0.06919412
3.29875,0.159106951,0.106727964,0.069415763
3.3176,0.159689681,0.107110541,0.069637416
3.33645,0.160260085,0.107493148,0.069859107
3.3553,0.160818166,0.107875863,0.070080862
3.37415,0.161363928,0.108258763,0.070302708
3.393,0.161897377,0.108641927,0.070524674
3.41185,0.16241852,0.109025435,0.070746788
3.4307,0.162927364,0.10962554,0.070969078
3.44955,0.16342392,0.109834384,0.071191572
3.4684,0.163908199,0.110039989,0.071414301
3.48725,0.164380213,0.110242425,0.071637293
3.5061,0.164839977,0.110441768,0.071860578
3.52495,0.165287506,0.110638091,0.072084187
3.5438,0.165722816,0.110831468,0.07230815
3.56265,0.166145926,0.111021975,0.072532497
3.5815,0.166556854,0.111209687,0.072757261
3.60035,0.166955622,0.111394681,0.072982473
3.6192,0.167342251,0.111577034,0.073208164
3.63805,0.167716763,0.111756824,0.073291598
3.6569,0.168079184,0.11193413,0.073434816
3.67575,0.168429538,0.11210903,0.073579397
3.6946,0.168767852,0.112580761,0.073725362
3.71345,0.169094153,0.112842828,0.073872733
3.7323,0.169408471,0.113103941,0.074021532
3.75115,0.169710834,0.113364155,0.074171781
3.77,0.170001273,0.113623522,0.074323502
3.78885,0.170279821,0.113882099,0.074476719
3.8077,0.170492382,0.11413994,0.074631454
3.82655,0.170775041,0.114397102,0.07478773
3.8454,0.171046298,0.11465364,0.074945571
3.86425,0.171306164,0.114909612,0.075105
3.8831,0.171554655,0.115901473,0.075266042
3.90195,0.171791785,0.116165521,0.075428719
3.9208,0.17201757,0.11643034,0.075593058
3.93965,0.172232028,0.115452984,0.075759082
3.9585,0.172936235,0.115629307,0.076024112
3.97735,0.17324442,0.115805354,0.076106357
3.9962,0.173541287,0.115859342,0.076187526
4.01505,0.173826835,0.116071543,0.076267627
4.0339,0.174101064,0.11628427,0.076346672
4.05275,0.173590741,0.116497551,0.076424671
4.0716,0.173929614,0.116711417,0.076501635
4.09045,0.174255498,0.116925899,0.076577574
4.1093,0.174568378,0.117141028,0.076652502
4.12815,0.174868239,0.117356835,0.076726429
4.147,0.175155068,0.117659641,0.076799369
4.16585,0.175428853,0.117747357,0.076871333
4.1847,0.175689584,0.117833233,0.076942336
4.20355,0.175937252,0.117917294,0.077012392
4.2224,0.17617185,0.117999567,0.077081513
4.24125,0.176393372,0.118080078,0.077149715
4.2601,0.176601814,0.118158854,0.077217013
4.27895,0.176773432,0.118235923,0.077283421
4.2978,0.176982955,0.118311312,0.077348956
4.31665,0.177179386,0.118385049,0.077413634
4.3355,0.177362713,0.118457165,0.077477471
4.35435,0.177532924,0.118527687,0.077540485
4.3732,0.177690009,0.118596646,0.077602693
4.39205,0.177833961,0.118664072,0.077664112
4.4109,0.177964772,0.118729997,0.077724761
4.42975,0.178082437,0.118971423,0.077625585
4.4486,0.17818695,0.119073984,0.077648829
4.46745,0.178278311,0.119174846,0.077673716
4.4863,0.178356516,0.119274031,0.077700244
4.50515,0.178421565,0.119371561,0.077728414
4.524,0.178473461,0.119467461,0.077758224
4.54285,0.178512204,0.119561755,0.077789676
4.5617,0.1785378,0.119654468,0.07782277
4.58055,0.178550254,0.119745624,0.077857505
4.5994,0.178549571,0.119835249,0.077893883
4.61825,0.17853576,0.119066913,0.077931904
4.6371,0.178508831,0.119129513,0.07797157
4.65595,0.178468794,0.119189529,0.078012882
4.6748,0.17841566,0.119246981,0.078055843
4.69365,0.178349444,0.119915408,0.078100453
4.7125,0.178270159,0.119943258,0.078146715
4.73135,0.178481075,0.119967581,0.078194632
4.7502,0.178534345,0.120341557,0.078244206
4.76905,0.178574744,0.120316615,0.07829544
4.7879,0.178602269,0.120274073,0.078348337
4.80675,0.178616915,0.120152263,0.078145421
4.8256,0.178618681,0.120029783,0.078081269
4.84445,0.178607564,0.119906597,0.078017876
4.8633,0.178583565,0.11978267,0.077955232
4.88215,0.178546685,0.119657968,0.077893329
4.901,0.178496928,0.119532457,0.077832159
4.91985,0.178434296,0.119406103,0.077771714
4.9387,0.178358796,0.119278874,0.077711988
4.95755,0.178270434,0.119150737,0.077652973
4.9764,0.178169218,0.11902166,0.077594662
4.99525,0.178055156,0.118891614,0.07753705
5.0141,0.17792826,0.118760567,0.07748013
5.03295,0.177788542,0.118628489,0.077423895
5.0518,0.177636013,0.118495351,0.077368342
5.07065,0.17747069,0.118361125,0.077313464
5.0895,0.177292587,0.118225783,0.077259257
5.10835,0.177101722,0.118089296,0.077205715
5.1272,0.176766633,0.117801291,0.077152836
5.14605,0.176032879,0.11771003,0.077100614
5.1649,0.176896553,0.117616975,0.077049047
5.18375,0.176377346,0.117522098,0.07699813
5.2026,0.176246878,0.117425368,0.076947861
5.22145,0.176104747,0.117326756,0.076898236
5.2403,0.17595092,0.117226232,0.076849254
5.25915,0.175785361,0.117123769,0.076800912
5.278,0.175608039,0.117019337,0.076753208
5.29685,0.175418921,0.11691291,0.076872781
5.3157,0.175217977,0.116804462,0.076797509
5.33455,0.175005177,0.116693964,0.076720665
5.3534,0.174780493,0.116581393,0.076642232
5.37225,0.174543897,0.116466721,0.076562194
5.3911,0.174295363,0.116349925,0.076480531
5.40995,0.174034867,0.11623098,0.076397229
5.4288,0.173762385,0.116278212,0.07631227
5.44765,0.173477894,0.116094117,0.07622564
5.4665,0.173181373,0.115909867,0.076137322
5.48535,0.172872803,0.115725423,0.076047302
5.5042,0.172552164,0.115540748,0.075519277
5.52305,0.172219439,0.115355803,0.075344472
5.5419,0.171874613,0.115170552,0.075170626
5.56075,0.17151767,0.114984958,0.074997705
5.5796,0.171148598,0.114798985,0.074825676
5.59845,0.170767384,0.113563261,0.074654507
5.6173,0.170374018,0.113333556,0.074484167
5.63615,0.169363192,0.113101563,0.074314623
5.655,0.169101913,0.113920255,0.074145844
5.67385,0.168828602,0.113641878,0.073977801
5.6927,0.16854322,0.113361727,0.073810463
5.71155,0.168245728,0.113079765,0.0736438
5.7304,0.167936089,0.112795954,0.073477784
5.74925,0.167614268,0.112510261,0.073312386
5.7681,0.16728023,0.112222648,0.073147577
5.78695,0.166933941,0.111933082,0.072983329
5.8058,0.16657537,0.111641529,0.072819616
5.82465,0.166204486,0.111347955,0.072656409
5.8435,0.165821259,0.111052328,0.072493683
5.86235,0.165888753,0.110754614,0.072331411
5.8812,0.165470495,0.110454783,0.072169568
5.90005,0.16504033,0.110152803,0.072008127
5.9189,0.164598246,0.109944088,0.071847064
5.93775,0.16414423,0.109680232,0.071686354
5.9566,0.163678273,0.109413713,0.071525972
5.97545,0.163200365,0.109144485,0.071365896
5.9943,0.162710498,0.108872504,0.0712061
6.01315,0.162208664,0.108597724,0.071046562
6.032,0.161694859,0.108320101,0.070887259
6.05085,0.161169077,0.10804713,0.070728168
6.0697,0.160631315,0.10776095,0.070569267
6.08855,0.160081572,0.107470781,0.070410533
6.1074,0.159425288,0.107176571,0.070096274
6.12625,0.15896801,0.106878268,0.069881009
6.1451,0.158500149,0.106575821,0.069755806
6.16395,0.158021691,0.106269178,0.069468871
6.1828,0.157532621,0.104531916,0.06918352
6.20165,0.157032928,0.104118826,0.0688997
6.2205,0.1565226,0.104442322,0.068617358
6.23935,0.156001625,0.104094336,0.06833644
6.2582,0.155469994,0.103744601,0.068056894
6.27705,0.154927697,0.10339305,0.067778669
6.2959,0.154374728,0.103039613,0.067501712
6.31475,0.153811078,0.102684223,0.067225971
6.3336,0.153314873,0.102326813,0.066951397
6.35245,0.152748431,0.101967318,0.066677939
6.3713,0.152170298,0.101605671,0.066405546
6.39015,0.151580441,0.101241808,0.066134168
6.409,0.150978826,0.100875664,0.065863756
6.42785,0.150365419,0.100507175,0.065594261
6.4467,0.149740189,0.100136279,0.065325633
6.46555,0.149103107,0.099762912,0.065057825
6.4844,0.148454142,0.099387013,0.064790787
6.50325,0.147793269,0.099008521,0.064524472
6.5221,0.147120461,0.098627375,0.064258832
6.54095,0.146435694,0.098243514,0.06399382
6.5598,0.145738944,0.09785688,0.063729388
6.57865,0.145030191,0.097467413,0.063465489
6.5975,0.144269385,0.097075055,0.063202076
6.61635,0.143666567,0.096679748,0.062939103
6.6352,0.143053879,0.096281435,0.062676523
6.65405,0.142431283,0.095880059,0.06241429
6.6729,0.141798746,0.095777291,0.062152358
6.69175,0.141156232,0.095346597,0.061890682
6.7106,0.140503709,0.09412638,0.061629214
6.72945,0.139841144,0.09355687,0.06136791
6.7483,0.139168505,0.092989378,0.060852691
6.76715,0.138485761,0.092423809,0.060511867
6.786,0.137792883,0.091860063,0.060171774
6.80485,0.137089841,0.091298045,0.059832358
6.8237,0.136376607,0.090737657,0.05949357
6.84255,0.135653155,0.090178803,0.059155356
6.8614,0.134919459,0.089621387,0.058817668
6.88025,0.134175495,0.089065312,0.058480453
6.8991,0.13342124,0.088560199,0.058143662
6.91795,0.132656671,0.08809088,0.057807246
6.9368,0.131881768,0.087620317,0.057471154
6.95565,0.131096512,0.087148406,0.057135337
6.9745,0.130300886,0.08667504,0.056799747
6.99335,0.129494872,0.086200114,0.056464335
7.0122,0.128824605,0.085723525,0.056129053
7.03105,0.128003001,0.085245168,0.055793853
7.0499,0.126637773,0.084764939,0.055458687
7.06875,0.125895417,0.084282735,0.055123507
7.0876,0.125144225,0.083798453,0.054788267
7.10645,0.124384151,0.08331199,0.054452919
7.1253,0.123615151,0.082823243,0.054117417
7.14415,0.122837179,0.082332111,0.053781713
7.163,0.122050193,0.081838492,0.053445762
7.18185,0.121254147,0.081342284,0.053109517
7.2007,0.120448999,0.081662019,0.052748536
7.21955,0.119634708,0.081045006,0.052423718
7.2384,0.11881123,0.080429077,0.052098004
7.25725,0.117978526,0.079814119,0.051771344
7.2761,0.117136556,0.079200017,0.051443683
7.29495,0.11628528,0.078586658,0.051114969
7.3138,0.115424661,0.077973931,0.05078515
7.33265,0.114554661,0.077361721,0.050454173
7.3515,0.113675246,0.076749919,0.050191658
7.37035,0.112786379,0.076138412,0.049790745
7.3892,0.111888028,0.075527089,0.049390136
7.40805,0.11098016,0.075723971,0.048989773
7.4269,0.110437381,0.075154858,0.048589601
7.44575,0.109568233,0.074585567,0.048189561
7.4646,0.108691647,0.074015971,0.047789599
7.48345,0.107807576,0.073445941,0.047015413
7.5023,0.106915974,0.069932773,0.046612705
7.52115,0.106016797,0.069319215,0.046210806
7.54,0.105109999,0.068706187,0.045809644
7.55885,0.104195536,0.068093563,0.045409152
7.5777,0.103273366,0.067481218,0.04500926
7.59655,0.102690049,0.067757474,0.044609899
7.6154,0.101747241,0.06726992,0.044211001
7.63425,0.100797789,0.066695921,0.043812496
7.6531,0.099841657,0.066121039,0.043414316
7.67195,0.09887881,0.065545162,0.043016393
7.6908,0.097909215,0.064968175,0.042618657
7.70965,0.096932838,0.064389967,0.042221041
7.7285,0.095949646,0.063810424,0.041823475
7.74735,0.094959608,0.063229435,0.041551327
7.7662,0.093243444,0.062646888,0.041094171
7.78505,0.092334326,0.061874846,0.040637456
7.8039,0.091420463,0.061257954,0.040181112
7.82275,0.090501804,0.060639861,0.039725071
7.8416,0.089578297,0.060020464,0.039269264
7.86045,0.08864989,0.059399663,0.038813623
7.8793,0.087716533,0.060162917,0.038358079
7.89815,0.086778175,0.059276882,0.037902566
7.917,0.085834766,0.058394506,0.037447016
7.93585,0.084886256,0.057398383,0.036991361
7.9547,0.083932596,0.056610055,0.036535535
7.97355,0.082973739,0.055822488,0.03607947
7.9924,0.082009636,0.055035563,0.035623101
8.01125,0.081040241,0.054249161,0.03516636
8.0301,0.080065507,0.053463164,0.034806833
8.04895,0.07908539,0.052677455,0.034386241
8.0678,0.078099846,0.051891914,0.033965729
8.08665,0.0771188,0.051373452,0.033545231
8.1055,0.076067915,0.050714673,0.033124681
8.12435,0.075009319,0.050056078,0.032704015
8.1432,0.073942946,0.049397523,0.032283167
8.16205,0.072089593,0.048738863,0.031862072
8.1809,0.072527446,0.048079955,0.031440665
8.19975,0.071468177,0.047420655,0.031254931
8.2186,0.0704051,0.046760818,0.030791981
8.23745,0.06933817,0.046100303,0.030329491
8.2563,0.068267344,0.045438966,0.02986739
8.27515,0.067192581,0.044776663,0.02940561
8.294,0.066113837,0.044113252,0.028944082
8.31285,0.065031069,0.043623436,0.028482737
8.3317,0.063944236,0.04296373,0.028021509
8.35055,0.062853294,0.042302178,0.027560329
8.3694,0.061758203,0.041638618,0.027099132
8.38825,0.060658922,0.040972886,0.026637849
8.4071,0.059555409,0.040304819,0.026176415
8.42595,0.058447625,0.039634254,0.025714764
8.4448,0.05733553,0.038029653,0.02525283
8.46365,0.056219085,0.03736604,0.024790547
8.4825,0.055098253,0.036703157,0.024327851
8.50135,0.053972997,0.036040831,0.023864675
8.5202,0.052843279,0.035378892,0.023414196
8.53905,0.051590616,0.034717168,0.022930741
8.5579,0.050559021,0.034055491,0.022447592
8.57675,0.049524731,0.033393689,0.02196467
8.5956,0.048487678,0.032731594,0.021481897
8.61445,0.047447796,0.032069037,0.020999191
8.6333,0.04640502,0.031405849,0.020516475
8.65215,0.045359282,0.030741862,0.020033669
8.671,0.044310517,0.030076907,0.019550692
8.68985,0.043258659,0.029410817,0.019067465
8.7087,0.042203643,0.026998406,0.018583909
8.72755,0.041145403,0.028327236,0.018099944
8.7464,0.04010145,0.027497853,0.017615488
8.76525,0.039021105,0.026668716,0.017130462
8.7841,0.037937856,0.025839668,0.016644786
8.80295,0.036851669,0.025010555,0.016158379
8.8218,0.035762509,0.024181219,0.015671159
8.84065,0.034670341,0.023268353,0.015183045
8.8595,0.03357513,0.02255069,0.014561789
8.87835,0.031970896,0.021833622,0.014024659
8.8972,0.030866074,0.021116973,0.013487895
8.91605,0.02975979,0.020400571,0.012951416
8.9349,0.028651997,0.019684241,0.01279101
8.95375,0.02754265,0.01896781,0.012280084
8.9726,0.026431703,0.018251104,0.01177042
8.99145,0.025319108,0.017533949,0.011261937
9.0103,0.024204821,0.016816173,0.010754551
9.02915,0.023088794,0.016097601,0.010248182
9.048,0.021970981,0.01537806,0.009742749
9.06685,0.020851338,0.014657377,0.00923817
9.0857,0.019729819,0.013935378,0.008734365
9.10455,0.018606378,0.012459531,0.008231254
9.1234,0.017480972,0.011664867,0.007728756
9.14225,0.016353556,0.010870857,0.007226792
9.1611,0.015224086,0.010077332,0.006725281
9.17995,0.01418751,0.009284124,0.006224145
9.1988,0.012999538,0.008491065,0.005723303
9.21765,0.01306847,0.007697987,0.005222678
9.2365,0.011925607,0.006904722,0.004722189
9.25535,0.010782037,0.006111103,0.004221758
9.2742,0.009637717,0.005316963,0.003721306
9.29305,0.008492602,0.004522135,0.003220755
9.3119,0.007346646,0.003726451,0.002720026
9.33075,0.006199804,0.002929744,0.002191564
9.3496,0.005052031,0.002169306,0.001700098
9.36845,0.003903281,0.001366454,0.001208704
9.3873,0.002753509,0.000561571,0.000717313
9.40615,0.001602671,-0.0002455,0.000225857
9.425,0.000450721,-0.001054915,-0.000265736
9.44385,-0.000702386,-0.001140332,-0.000757535
9.4627,-0.001856694,-0.001822318,-0.001249609
9.48155,-0.003012246,-0.002502413,-0.00174203
9.5004,-0.004169086,-0.003180766,-0.002234867
9.51925,-0.007045413,-0.00385753,-0.002728192
9.5381,-0.008051391,-0.004532855,-0.003222075
9.55695,-0.009058274,-0.005206892,-0.003716588
9.5758,-0.0100661,-0.005879792,-0.004211803
9.59465,-0.01107491,-0.006551705,-0.004707792
9.6135,-0.012084743,-0.007222784,-0.005204627
9.63235,-0.013095639,-0.007893179,-0.005391496
9.6512,-0.014107639,-0.008563041,-0.005854727
9.67005,-0.013815361,-0.009232521,-0.006317143
9.6889,-0.014938164,-0.009901772,-0.006778817
9.70775,-0.016058976,-0.01009606,-0.007239823
9.7266,-0.01717783,-0.010866472,-0.00770023
9.74545,-0.01829476,-0.01163448,-0.008160113
9.7643,-0.019409799,-0.012400238,-0.008619541
9.78315,-0.020522982,-0.013163899,-0.009078587
9.802,-0.021634343,-0.015366309,-0.009537322
9.82085,-0.022743916,-0.016171571,-0.009879834
9.8397,-0.023851737,-0.016976375,-0.010383881
9.85855,-0.02495784,-0.017780872,-0.010886877
9.8774,-0.02606226,-0.018585217,-0.011388896
9.89625,-0.027165032,-0.019389559,-0.011890013
9.9151,-0.02826619,-0.020194054,-0.012390301
9.93395,-0.03060357,-0.020998852,-0.012889835
9.9528,-0.031640631,-0.022794528,-0.01338869
9.97165,-0.032923695,-0.023507455,-0.01388694
9.9905,-0.034028088,-0.02422237,-0.014384659
10.00935,-0.035130101,-0.023910654,-0.014881922
10.0282,-0.036229745,-0.024590896,-0.015378804
10.04705,-0.037327029,-0.025269885,-0.01587538
10.0659,-0.038421964,-0.025947739,-0.016371724
10.08475,-0.039514563,-0.026624577,-0.016867913
10.1036,-0.040604838,-0.027300516,-0.01736402
10.12245,-0.041692801,-0.027975678,-0.017860123
10.1413,-0.042778465,-0.028650179,-0.018356297
10.16015,-0.043861843,-0.02932414,-0.018852617
10.179,-0.04494295,-0.029997679,-0.019349161
10.19785,-0.046021798,-0.030670916,-0.019846005
10.2167,-0.047098402,-0.03134397,-0.020343225
10.23555,-0.048172776,-0.032016961,-0.020840901
10.2544,-0.049244934,-0.032690009,-0.021339107
10.27325,-0.050314889,-0.033363233,-0.021837924
10.2921,-0.051382655,-0.034036755,-0.022337429
10.31095,-0.052359611,-0.034710693,-0.022837701
10.3298,-0.052947161,-0.035385169,-0.023338819
10.34865,-0.054039471,-0.036060304,-0.023840863
10.3675,-0.054757042,-0.036736218,-0.024147604
10.38635,-0.055879758,-0.037413033,-0.024612642
10.4052,-0.056996279,-0.037687501,-0.025077398
10.42405,-0.058106634,-0.038426232,-0.025541946
10.4429,-0.059210854,-0.039163098,-0.026006362
10.46175,-0.060308969,-0.039898226,-0.026470721
10.4806,-0.06140101,-0.040631743,-0.026935099
10.49945,-0.062487012,-0.04179754,-0.027399571
10.5183,-0.063567007,-0.042560809,-0.027864212
10.53715,-0.064641029,-0.043324572,-0.028329095
10.556,-0.065709112,-0.044088954,-0.028794296
10.57485,-0.066771292,-0.044854084,-0.029259889
10.5937,-0.067827604,-0.045620087,-0.029725949
10.61255,-0.068878085,-0.046523268,-0.030192549
10.6314,-0.06992277,-0.047162074,-0.030659763
10.65025,-0.070961697,-0.04779866,-0.031127667
10.6691,-0.071994901,-0.048433147,-0.031596333
10.68795,-0.073022422,-0.049065658,-0.032065837
10.7068,-0.073712308,-0.049696317,-0.032536251
10.72565,-0.074670413,-0.050325247,-0.03300765
10.7445,-0.075621487,-0.05095257,-0.033480109
10.76335,-0.076355946,-0.051578411,-0.0339537
10.7822,-0.077428318,-0.052202894,-0.034428499
10.80105,-0.078494829,-0.052826144,-0.03490458
10.8199,-0.079555506,-0.053448285,-0.035382018
10.83875,-0.080610376,-0.054069442,-0.035749081
10.8576,-0.081659469,-0.054689742,-0.0361688
10.87645,-0.082702814,-0.055309309,-0.036588055
10.8953,-0.083740443,-0.05592827,-0.037006907
10.91415,-0.084772388,-0.056546753,-0.037425416
10.933,-0.08579868,-0.057164884,-0.037843645
10.95185,-0.086819353,-0.05778279,-0.038261655
10.9707,-0.087834441,-0.057831695,-0.038679507
10.98955,-0.088843978,-0.058513641,-0.039097266
11.0084,-0.089847999,-0.059211534,-0.039514992
11.02725,-0.09084654,-0.059907777,-0.039932751
11.0461,-0.091839636,-0.060602495,-0.040350606
11.06495,-0.092827325,-0.061295812,-0.04076862
11.0838,-0.093809642,-0.061987855,-0.04118686
11.10265,-0.095958087,-0.062678748,-0.04160539
11.1215,-0.096836938,-0.063368618,-0.042024277
11.14035,-0.09771187,-0.064759132,-0.042410028
11.1592,-0.098582907,-0.065368175,-0.042787982
11.17805,-0.099450074,-0.065975006,-0.043165409
11.1969,-0.100313395,-0.066579765,-0.043542365
11.21575,-0.100472844,-0.067182591,-0.043918909
11.2346,-0.101381484,-0.067783623,-0.044295097
11.25345,-0.102281534,-0.068382999,-0.044670987
11.2723,-0.10317301,-0.06898086,-0.045046635
11.29115,-0.104055927,-0.069577345,-0.045422099
11.31,-0.104930302,-0.070172594,-0.045797436
11.32885,-0.105796154,-0.070766749,-0.046172703
11.3477,-0.106653502,-0.071359948,-0.046547958
11.36655,-0.107502366,-0.071952334,-0.046923257
11.3854,-0.10834277,-0.072544049,-0.047298658
11.40425,-0.109014919,-0.073135232,-0.047674218
11.4231,-0.109962722,-0.073299911,-0.048049996
11.44195,-0.110903008,-0.073902948,-0.04842605
11.4608,-0.111835793,-0.074505767,-0.048802436
11.47965,-0.1127611,-0.075627851,-0.049179213
11.4985,-0.11367895,-0.077521872,-0.04955644
11.51735,-0.114589365,-0.0781977,-0.049934176
11.5362,-0.115492369,-0.078875453,-0.050312478
11.55505,-0.116387987,-0.078311163,-0.050691406
11.5739,-0.117276243,-0.078849127,-0.05107102
11.59275,-0.118157164,-0.079384039,-0.051451378
11.6116,-0.119030777,-0.079915992,-0.051832541
11.63045,-0.11989711,-0.080445082,-0.052214568
11.6493,-0.12075619,-0.080971402,-0.052597521
11.66815,-0.121608047,-0.081495049,-0.05298146
11.687,-0.122452709,-0.082016118,-0.053366446
11.70585,-0.123290208,-0.082534704,-0.05375254
11.7247,-0.124120572,-0.083050904,-0.054139805
11.74355,-0.124454247,-0.083564814,-0.054528303
11.7624,-0.125267097,-0.084076533,-0.054918096
11.78125,-0.12607029,-0.084586157,-0.055309247
11.8001,-0.126863844,-0.085093785,-0.055701821
11.81895,-0.12764778,-0.085599515,-0.05609588
11.8378,-0.128422119,-0.086103446,-0.05649149
11.85665,-0.129186882,-0.086605678,-0.056888714
11.8755,-0.129942093,-0.08710631,-0.057287619
11.89435,-0.130687774,-0.087605444,-0.057688269
11.9132,-0.131423951,-0.08810318,-0.058090732
11.93205,-0.132150648,-0.088599619,-0.058495075
11.9509,-0.132867891,-0.089094865,-0.059085054
11.96975,-0.133575707,-0.089589018,-0.058854849
11.9886,-0.134274123,-0.090082184,-0.059136676
12.00745,-0.134963167,-0.090574465,-0.059417924
12.0263,-0.135642867,-0.088228371,-0.059698619
12.04515,-0.137566649,-0.088630234,-0.059978792
12.064,-0.138265451,-0.089030001,-0.060258468
12.08285,-0.13895246,-0.089427805,-0.060537677
12.1017,-0.139627718,-0.092480169,-0.060816448
12.12055,-0.14029127,-0.092988824,-0.06109481
12.1394,-0.140943161,-0.09349785,-0.061372791
12.15825,-0.141583438,-0.09565595,-0.061650421
12.1771,-0.142212149,-0.094887512,-0.06192773
12.19595,-0.142829343,-0.095335663,-0.062204747
12.2148,-0.143435072,-0.096660459,-0.062481502
12.23365,-0.144029386,-0.097121538,-0.062758027
12.2525,-0.144612339,-0.09758263,-0.063034351
12.27135,-0.145183986,-0.098043842,-0.063310507
12.2902,-0.145744381,-0.098505281,-0.063586524
12.30905,-0.146293581,-0.098967055,-0.063862436
12.3279,-0.146831642,-0.099429271,-0.064138274
12.34675,-0.147358624,-0.099892037,-0.064414071
12.3656,-0.147874585,-0.09885309,-0.06468986
12.38445,-0.148587929,-0.099240435,-0.064965673
12.4033,-0.149216949,-0.099626511,-0.065241544
12.42215,-0.149834159,-0.100011411,-0.065517508
12.441,-0.150439597,-0.10039523,-0.065793598
12.45985,-0.151328212,-0.100778062,-0.066069851
12.4787,-0.15192962,-0.101160002,-0.0663463
12.49755,-0.152519585,-0.101727997,-0.066622983
12.5164,-0.153098125,-0.10211421,-0.066899934
12.53525,-0.153665264,-0.102499197,-0.067177191
12.5541,-0.154221024,-0.102883037,-0.067454791
12.57295,-0.154765429,-0.103265806,-0.067732771
12.5918,-0.155298505,-0.103647583,-0.068011171
12.61065,-0.155820279,-0.104677535,-0.068290027
12.6295,-0.156330777,-0.105025825,-0.06856938
12.64835,-0.156830029,-0.105372489,-0.06884927
12.6672,-0.157318065,-0.105717599,-0.069129735
12.68605,-0.157794916,-0.106061227,-0.069410818
12.7049,-0.158260613,-0.106403448,-0.06969256
12.72375,-0.158715191,-0.106744335,-0.069975002
12.7426,-0.159654962,-0.107083961,-0.070258186
12.76145,-0.160197431,-0.107422402,-0.070263847
12.7803,-0.160729542,-0.107759733,-0.070445671
12.79915,-0.161251305,-0.108096029,-0.070626112
12.818,-0.161762731,-0.108431368,-0.0708052
12.83685,-0.16226383,-0.108765827,-0.070982964
12.8557,-0.162754614,-0.108959979,-0.0711708
12.87455,-0.163235097,-0.109346113,-0.071339964
12.8934,-0.163705293,-0.109732308,-0.071509734
12.91225,-0.164165218,-0.110118609,-0.071680131
12.9311,-0.164614888,-0.110309895,-0.071851176
12.94995,-0.165402926,-0.110556892,-0.072022893
12.9688,-0.165865636,-0.110802054,-0.072195303
12.98765,-0.16631472,-0.11104542,-0.07236843
13.0065,-0.166750188,-0.111287028,-0.072542296
13.02535,-0.167172051,-0.111526919,-0.072716925
13.0442,-0.167580324,-0.111765132,-0.072892341
13.06305,-0.167975021,-0.112001709,-0.073068567
13.0819,-0.168356159,-0.112236691,-0.073245629
13.10075,-0.168723755,-0.112470119,-0.073423551
13.1196,-0.169077831,-0.112702035,-0.073602358
13.13845,-0.169418406,-0.112932481,-0.073782076
13.1573,-0.169745504,-0.1131615,-0.07396273
13.17615,-0.170059148,-0.113389137,-0.074144347
13.195,-0.170359364,-0.113615433,-0.074326953
13.21385,-0.170646179,-0.113840435,-0.074510574
13.2327,-0.170919621,-0.114133538,-0.074695239
13.25155,-0.170537996,-0.114350008,-0.074880975
13.2704,-0.170911096,-0.114564789,-0.074718711
13.28925,-0.171271504,-0.114777926,-0.074828821
13.3081,-0.171619221,-0.114989462,-0.074939248
13.32695,-0.171954245,-0.115199443,-0.075050006
13.3458,-0.172276579,-0.115407915,-0.075161111
13.36465,-0.172586226,-0.115614924,-0.075272578
13.3835,-0.17288319,-0.115820516,-0.075384422
13.40235,-0.173167477,-0.116722364,-0.075496659
13.4212,-0.173439094,-0.116848583,-0.075609305
13.44005,-0.173698048,-0.115617118,-0.075722376
13.4589,-0.17394435,-0.115808695,-0.07583589
13.47775,-0.17417801,-0.115996359,-0.075949862
13.4966,-0.174399039,-0.116180144,-0.07606431
13.51545,-0.174607452,-0.116360083,-0.076179251
13.5343,-0.174803261,-0.116536211,-0.076294704
13.55315,-0.174986483,-0.117372956,-0.076410685
13.572,-0.175157133,-0.117544571,-0.076527213
13.59085,-0.17531523,-0.117262548,-0.076644308
13.6097,-0.175460792,-0.117396845,-0.076761987
13.62855,-0.175593838,-0.117530112,-0.076880271
13.6474,-0.175460107,-0.117915983,-0.076999178
13.66625,-0.176260444,-0.118016727,-0.077118728
13.6851,-0.176484738,-0.11811647,-0.077238942
13.70395,-0.176696539,-0.118215214,-0.077359841
13.7228,-0.176895836,-0.118312963,-0.077481445
13.74165,-0.177082616,-0.118409722,-0.077603776
13.7605,-0.17725687,-0.118505497,-0.077927621
13.77935,-0.177418587,-0.118600292,-0.078007245
13.7982,-0.177567762,-0.118694116,-0.078085147
13.81705,-0.177704387,-0.118786976,-0.078161332
13.8359,-0.177828458,-0.118878879,-0.078235804
13.85475,-0.177939969,-0.118969836,-0.078308569
13.8736,-0.17803892,-0.119059856,-0.078234721
13.89245,-0.178125309,-0.119148949,-0.078205239
13.9113,-0.178199135,-0.119237127,-0.078176587
13.93015,-0.1782604,-0.119324402,-0.078148757
13.949,-0.178305112,-0.119410788,-0.07812174
13.96785,-0.178342546,-0.119496296,-0.078095528
13.9867,-0.178367245,-0.119580943,-0.078070113
14.00555,-0.17837922,-0.119664742,-0.078045488
14.0244,-0.178378483,-0.11974771,-0.078021645
14.04325,-0.178365046,-0.119829864,-0.077998579
14.0621,-0.178338926,-0.119567476,-0.077976284
14.08095,-0.178300137,-0.119537383,-0.077954753
14.0998,-0.178248697,-0.119504375,-0.077933981
14.11865,-0.178184625,-0.119468462,-0.077913964
14.1375,-0.17810794,-0.119429656,-0.077894697
14.15635,-0.17867547,-0.119058486,-0.077876177
14.1752,-0.178710267,-0.119065515,-0.0778584
14.19405,-0.178732703,-0.119070613,-0.077841363
14.2129,-0.178742759,-0.119073772,-0.077825063
14.23175,-0.178740417,-0.119074984,-0.077809498
14.2506,-0.17872566,-0.119074242,-0.077794666
14.26945,-0.178698472,-0.119071539,-0.077780567
14.2883,-0.178658838,-0.119066869,-0.077767199
14.30715,-0.178606746,-0.119060227,-0.077754561
14.326,-0.178542184,-0.119051608,-0.077742654
14.34485,-0.178465141,-0.119041009,-0.077731478
14.3637,-0.178375609,-0.119028426,-0.077721033
14.38255,-0.17827358,-0.119013856,-0.077711322
14.4014,-0.178159047,-0.118997297,-0.077702346
14.42025,-0.178032006,-0.119384913,-0.077694106
14.4391,-0.177892454,-0.119309662,-0.077686605
14.45795,-0.177740388,-0.11923084,-0.077679847
14.4768,-0.177575808,-0.119148431,-0.077673834
14.49565,-0.177398715,-0.119062422,-0.07766857
14.5145,-0.17720911,-0.118972799,-0.077664059
14.53335,-0.176641701,-0.118879548,-0.077660307
14.5522,-0.176515934,-0.118782658,-0.077657317
14.57105,-0.176377946,-0.118682117,-0.077726789
14.5899,-0.176227736,-0.118577914,-0.077648551
14.60875,-0.176261632,-0.118470039,-0.077568653
14.6276,-0.176148191,-0.118358483,-0.077487083
14.64645,-0.176022131,-0.118243237,-0.077403826
14.6653,-0.175883435,-0.118124292,-0.077318867
14.68415,-0.175732086,-0.118001643,-0.077232195
14.703,-0.175568068,-0.117875282,-0.077143796
14.72185,-0.175391367,-0.117745203,-0.077053659
14.7407,-0.175201969,-0.117611402,-0.076961771
14.75955,-0.174999865,-0.117473874,-0.076806193
14.7784,-0.174785042,-0.116759138,-0.07663174
14.79725,-0.174557493,-0.116552678,-0.076458799
14.8161,-0.174317211,-0.116345848,-0.076287338
14.83495,-0.174064189,-0.116138614,-0.076117323
14.8538,-0.173798423,-0.116373232,-0.075948725
14.87265,-0.173536712,-0.116147959,-0.075781512
14.8915,-0.173265496,-0.11592247,-0.075615654
14.91035,-0.172981947,-0.115696724,-0.07545112
14.9292,-0.172686065,-0.115470679,-0.075287881
14.94805,-0.172377849,-0.115244293,-0.075125907
14.9669,-0.172161975,-0.115017527,-0.07496517
14.98575,-0.171825308,-0.114790339,-0.07480564
15.0046,-0.171477369,-0.114562691,-0.074647289
15.02345,-0.171118163,-0.114334544,-0.074490089
15.0423,-0.170747698,-0.114105857,-0.074334012
15.06115,-0.16971233,-0.113876593,-0.074179031
15.08,-0.16939903,-0.113646715,-0.074025119
15.09885,-0.169073601,-0.113337499,-0.07387225
15.1177,-0.168736012,-0.113092118,-0.073720396
15.13655,-0.168386233,-0.112845424,-0.073569532
15.1554,-0.168024237,-0.112597384,-0.073419632
15.17425,-0.167649996,-0.112347964,-0.07327067
15.1931,-0.167263486,-0.112097132,-0.073122622
15.21195,-0.166864681,-0.112085229,-0.072975462
15.2308,-0.16645356,-0.111795421,-0.072829166
15.24965,-0.167055021,-0.111503506,-0.072683709
15.2685,-0.166740072,-0.110918814,-0.072539068
15.28735,-0.166414012,-0.110599479,-0.072395218
15.3062,-0.166076804,-0.110279021,-0.072252135
15.32505,-0.165728415,-0.109957383,-0.072109798
15.3439,-0.165368812,-0.109634508,-0.071968181
15.36275,-0.164997963,-0.109310341,-0.071827263
15.3816,-0.164615836,-0.108984825,-0.07168702
15.40045,-0.162775935,-0.108657907,-0.071408411
15.4193,-0.162303582,-0.108329532,-0.071167164
15.43815,-0.161819252,-0.107999645,-0.070926433
15.457,-0.16132291,-0.107668195,-0.070686184
15.47585,-0.16081452,-0.107335128,-0.070446381
15.4947,-0.160294049,-0.107000393,-0.070206991
15.51355,-0.159761466,-0.106663938,-0.06996798
15.5324,-0.159216741,-0.106325711,-0.069729314
15.55125,-0.158659844,-0.105985663,-0.069490961
15.5701,-0.158090749,-0.105643744,-0.069252888
15.58895,-0.157444699,-0.105299903,-0.069015063
15.6078,-0.157017623,-0.104954093,-0.068777454
15.62665,-0.156580131,-0.104606264,-0.068540029
15.6455,-0.15613219,-0.104256368,-0.068302758
15.66435,-0.155673767,-0.103904359,-0.068065611
15.6832,-0.15520483,-0.104491896,-0.067828555
15.70205,-0.154725348,-0.104129075,-0.067591563
15.7209,-0.154235291,-0.103666001,-0.067354603
15.73975,-0.153734628,-0.103165741,-0.067117646
15.7586,-0.153223332,-0.102666928,-0.066880664
15.77745,-0.152701375,-0.102700937,-0.066643628
15.7963,-0.15216873,-0.102236033,-0.066406509
15.81515,-0.151625372,-0.100413189,-0.066169278
15.834,-0.151071275,-0.100618595,-0.065931909
15.85285,-0.150506416,-0.100225737,-0.065694373
15.8717,-0.149930773,-0.099832391,-0.065456643
15.89055,-0.149344325,-0.099438457,-0.065218692
15.9094,-0.148747051,-0.099043838,-0.064980493
15.92825,-0.148138933,-0.098648437,-0.064742019
15.9471,-0.147519952,-0.098252155,-0.064503244
15.96595,-0.146890094,-0.097854897,-0.064264141
15.9848,-0.146249342,-0.097456566,-0.064493381
16.00365,-0.145597683,-0.097057066,-0.064265577
16.0225,-0.144420783,-0.096656303,-0.064035809
16.04135,-0.143768764,-0.09625418,-0.062800864
16.0602,-0.143105441,-0.095850604,-0.06251546
16.07905,-0.142430765,-0.09544548,-0.062229631
16.0979,-0.141744689,-0.095038715,-0.062277649
16.11675,-0.141047164,-0.094630216,-0.061927172
16.1356,-0.140338145,-0.094219889,-0.061578191
16.15445,-0.139684299,-0.093807642,-0.061230644
16.1733,-0.139003247,-0.093393384,-0.060884474
16.19215,-0.138312936,-0.092977021,-0.060539621
16.211,-0.137613335,-0.092558463,-0.060196026
16.22985,-0.136904408,-0.092137619,-0.05985363
16.2487,-0.136186123,-0.091714398,-0.059512376
16.26755,-0.135458448,-0.091288709,-0.059172205
16.2864,-0.134721349,-0.090860463,-0.05883306
16.30525,-0.133974797,-0.09042957,-0.058494884
16.3241,-0.133218759,-0.089995941,-0.058157618
16.34295,-0.132453205,-0.091146238,-0.057821207
16.3618,-0.131678105,-0.087308072,-0.057485593
16.38065,-0.13089343,-0.086853342,-0.057150721
16.3995,-0.130099152,-0.086397177,-0.056816533
16.41835,-0.129295243,-0.08593943,-0.056482974
16.4372,-0.128481677,-0.085479957,-0.056149987
16.45605,-0.127658427,-0.08501861,-0.055817517
16.4749,-0.12682547,-0.084555246,-0.055485509
16.49375,-0.125982781,-0.084089719,-0.055153905
16.5126,-0.125130338,-0.083621887,-0.054822652
16.53145,-0.124268119,-0.083138215,-0.054491694
16.5503,-0.123396104,-0.082648061,-0.054160976
16.56915,-0.122514274,-0.082154987,-0.053830441
16.588,-0.121622611,-0.081658911,-0.053500036
16.60685,-0.120721099,-0.081159755,-0.053169705
16.6257,-0.119809722,-0.08065744,-0.052839394
16.64455,-0.120256224,-0.080151886,-0.052509046
16.6634,-0.119419263,-0.079643016,-0.052178608
16.68225,-0.118575649,-0.079130753,-0.051848023
16.7011,-0.117725345,-0.079483581,-0.051627103
16.71995,-0.116868315,-0.078989412,-0.051220882
16.7388,-0.116004521,-0.078181187,-0.050815299
16.75765,-0.115133928,-0.077531767,-0.050410296
16.7765,-0.1142565,-0.076883948,-0.050005811
16.79535,-0.113372201,-0.076237624,-0.049601787
16.8142,-0.112480998,-0.075592693,-0.049198164
16.83305,-0.111582855,-0.074949048,-0.048794885
16.8519,-0.11067774,-0.074306588,-0.048391891
16.87075,-0.109765619,-0.073665208,-0.047989125
16.8896,-0.10884646,-0.073024806,-0.047586529
16.90845,-0.107752138,-0.07238528,-0.047184046
16.9273,-0.106843094,-0.071897791,-0.046781621
16.94615,-0.105925633,-0.071254884,-0.046379195
16.965,-0.104999749,-0.070613009,-0.045976714
16.98385,-0.104065432,-0.069972,-0.04557412
17.0027,-0.103122679,-0.069331693,-0.045171359
17.02155,-0.102171482,-0.068691922,-0.044768375
17.0404,-0.10121184,-0.068052524,-0.044365113
17.05925,-0.100243748,-0.067413334,-0.044043479
17.0781,-0.099267205,-0.066774188,-0.043656199
17.09695,-0.09828221,-0.066134921,-0.043170385
17.1158,-0.097288764,-0.063482798,-0.042756868
17.13465,-0.096286869,-0.062823995,-0.042344181
17.1535,-0.095276528,-0.06216299,-0.041932252
17.17235,-0.094257747,-0.061970437,-0.041521006
17.1912,-0.09323053,-0.061292631,-0.04111037
17.21005,-0.093100671,-0.060614125,-0.040700271
17.2289,-0.092170068,-0.059934832,-0.040290636
17.24775,-0.091232285,-0.059254666,-0.039881391
17.2666,-0.089760592,-0.058573541,-0.039472463
17.28545,-0.088852784,-0.057891371,-0.03906378
17.3043,-0.087940857,-0.05720807,-0.038655268
17.32315,-0.087024771,-0.059519845,-0.038246855
17.342,-0.086104483,-0.058695118,-0.037838467
17.36085,-0.085290219,-0.057871816,-0.037430033
17.3797,-0.084257677,-0.057049867,-0.037021479
17.39855,-0.083217919,-0.056229201,-0.036612731
17.4174,-0.0821709,-0.055409747,-0.036203719
17.43625,-0.081116571,-0.054591433,-0.035794367
17.4551,-0.080054888,-0.053084894,-0.034916939
17.47395,-0.078985806,-0.052472309,-0.034441789
17.4928,-0.077909279,-0.051859465,-0.033967518
17.51165,-0.076825266,-0.051246235,-0.033494051
17.5305,-0.075733723,-0.050632492,-0.033021316
17.54935,-0.074634609,-0.05001811,-0.032549238
17.5682,-0.073527884,-0.049402962,-0.032077744
17.58705,-0.073001438,-0.048786924,-0.031606761
17.6059,-0.071987886,-0.04816987,-0.031136215
17.62475,-0.070970458,-0.047551675,-0.030666035
17.6436,-0.069949084,-0.046932215,-0.030196147
17.66245,-0.068923696,-0.046311365,-0.02972648
17.6813,-0.067894224,-0.045689001,-0.029256961
17.70015,-0.0668606,-0.045065,-0.028787517
17.719,-0.065822755,-0.044439238,-0.028612343
17.73785,-0.06478062,-0.042598219,-0.028176786
17.7567,-0.063815273,-0.041959837,-0.027741319
17.77555,-0.062765057,-0.041320467,-0.027305866
17.7944,-0.061710995,-0.04067998,-0.026870348
17.81325,-0.06065305,-0.040038248,-0.026434691
17.8321,-0.059591184,-0.039395142,-0.025998815
17.85095,-0.058525362,-0.038750535,-0.025562647
17.8698,-0.057455548,-0.040723071,-0.025126108
17.88865,-0.056381705,-0.039846804,-0.024689122
17.9075,-0.055303797,-0.038973236,-0.024251614
17.92635,-0.05422179,-0.038102256,-0.023813508
17.9452,-0.05313565,-0.036057344,-0.023374727
17.96405,-0.052045341,-0.035301853,-0.022935196
17.9829,-0.05095083,-0.034545865,-0.022206309
18.00175,-0.049852085,-0.03378924,-0.021721122
18.0206,-0.048749073,-0.032483334,-0.0212366
18.03945,-0.047641763,-0.031705547,-0.020752663
18.0583,-0.046787698,-0.030928386,-0.020269232
18.07715,-0.045603562,-0.030151712,-0.019786227
18.096,-0.044417153,-0.029375387,-0.019303571
18.11485,-0.043228445,-0.028599275,-0.018821184
18.1337,-0.04203741,-0.027823237,-0.018338988
18.15255,-0.040844023,-0.027047137,-0.017856905
18.1714,-0.039648258,-0.026270838,-0.017374858
18.19025,-0.038450087,-0.025494205,-0.016892768
18.2091,-0.037249486,-0.024925662,-0.016410559
18.22795,-0.036046428,-0.02417872,-0.015928152
18.2468,-0.034840889,-0.023429072,-0.015445471
18.26565,-0.033632844,-0.022676573,-0.014962438
18.2845,-0.032422268,-0.021755073,-0.014478976
18.30335,-0.031209137,-0.021082561,-0.013995009
18.3222,-0.03134378,-0.020410369,-0.013510459
18.34105,-0.030207721,-0.019738374,-0.013025249
18.3599,-0.029069142,-0.019066453,-0.012340699
18.37875,-0.027927972,-0.018394482,-0.011852748
18.3976,-0.027209385,-0.017722337,-0.011364289
18.41645,-0.026078506,-0.017049897,-0.010875255
18.4353,-0.024947869,-0.016377036,-0.01038558
18.45415,-0.023817405,-0.015703633,-0.009895199
18.473,-0.022687045,-0.015029563,-0.009404044
18.49185,-0.021556719,-0.014354704,-0.009177793
18.5107,-0.020426355,-0.013678933,-0.008754503
18.52955,-0.019295882,-0.013002125,-0.008331621
18.5484,-0.018165227,-0.012572236,-0.007909072
18.56725,-0.017034318,-0.011896891,-0.007656946
18.5861,-0.015903082,-0.010964253,-0.007143765
18.60495,-0.014771444,-0.010168743,-0.006632314
18.6238,-0.013639332,-0.009374066,-0.006122518
18.64265,-0.012506671,-0.008580078,-0.005614305
18.6615,-0.011373387,-0.007786632,-0.0051076
18.68035,-0.010239405,-0.006993583,-0.004602329
18.6992,-0.009104651,-0.006200786,-0.004098419
18.71805,-0.007969052,-0.005408096,-0.003595796
18.7369,-0.006832532,-0.004615367,-0.003094387
18.75575,-0.005695018,-0.003822456,-0.002594118
18.7746,-0.004556437,-0.003029217,-0.002094917
18.79345,-0.003416714,-0.002235504,-0.001596709
18.8123,-0.002275778,-0.001441173,-0.001099422
18.83115,-0.001133555,-0.00064608,-0.000602983
18.85,1.00E-05,0.000149922,-0.000107318
